run_id,run_dir,dataset_name,frequency,seasonal_period,pattern_len,pattern_lens,qrels_n_bins,forecast_h,seed,patterns_per_series,regime_definition,task,system,metric,n_queries,mean,std,ci95_low,ci95_high,mean_p@10,mean_ap@10,mean_ndcg@15,mean_p@15,mean_ap@15
freqyearly__bins2__h2__seed42__pps1__regfull,results_ri_bins_sensitivity/yearly/freqyearly__bins2__h2__seed42__pps1__regfull,m3_yearly,yearly,1,24,"12,24,36",2,2,42,1,full,task1,random,ndcg@10,129,0.2526480518500834,0.1049529507921279,0.2344672975932431,0.2708575644561524,0.5658914728682171,0.0179893689512922,0.2572872715719727,0.5782945736434109,0.0262814840820003
freqyearly__bins2__h2__seed42__pps1__regfull,results_ri_bins_sensitivity/yearly/freqyearly__bins2__h2__seed42__pps1__regfull,m3_yearly,yearly,1,24,"12,24,36",2,2,42,1,full,task1,raw_cosine,ndcg@10,129,0.2954579621667512,0.1590348186010966,0.2686934404198576,0.3220025320960433,0.6364341085271318,0.0226347365340808,0.2900649397944235,0.6289405684754521,0.0323540657351428
freqyearly__bins2__h2__seed42__pps1__regfull,results_ri_bins_sensitivity/yearly/freqyearly__bins2__h2__seed42__pps1__regfull,m3_yearly,yearly,1,24,"12,24,36",2,2,42,1,full,task1,raw_dtw,ndcg@10,129,0.2980855617378175,0.1619381497846152,0.2696569896662033,0.3255686411368538,0.6248062015503876,0.0225687445790774,0.2999577148863349,0.6372093023255813,0.0331525894479108
freqyearly__bins2__h2__seed42__pps1__regfull,results_ri_bins_sensitivity/yearly/freqyearly__bins2__h2__seed42__pps1__regfull,m3_yearly,yearly,1,24,"12,24,36",2,2,42,1,full,task1,raw_dtw+tsfel,ndcg@10,129,0.3629985912334186,0.1876300548331236,0.3329456688317782,0.3951867482769801,0.7085271317829458,0.0271152215601792,0.3482993155705926,0.6904392764857881,0.0385927307352708
freqyearly__bins2__h2__seed42__pps1__regfull,results_ri_bins_sensitivity/yearly/freqyearly__bins2__h2__seed42__pps1__regfull,m3_yearly,yearly,1,24,"12,24,36",2,2,42,1,full,task1,tsfel,ndcg@10,129,0.3554099535322673,0.1842465437541469,0.324359934233293,0.3870360094691467,0.7108527131782945,0.0274495510571058,0.3519712830342472,0.703359173126615,0.0396271509707978
freqyearly__bins2__h2__seed42__pps1__regfull,results_ri_bins_sensitivity/yearly/freqyearly__bins2__h2__seed42__pps1__regfull,m3_yearly,yearly,1,24,"12,24,36",2,2,42,1,full,task2,pattern_raw_cosine,ndcg@10,129,0.3053100181294834,0.1780804504768929,0.2749877192027731,0.3371756812335162,0.6201550387596899,0.0221180803354032,0.3030072938525487,0.6149870801033591,0.0318062560090627
freqyearly__bins2__h2__seed42__pps1__regfull,results_ri_bins_sensitivity/yearly/freqyearly__bins2__h2__seed42__pps1__regfull,m3_yearly,yearly,1,24,"12,24,36",2,2,42,1,full,task2,pattern_raw_cosine+pattern_tsfel,ndcg@10,129,0.3391335271326504,0.1798190550794678,0.3084249184846683,0.3699239254688709,0.6798449612403101,0.0259217892835681,0.3361316636162458,0.6770025839793282,0.0376303370680096
freqyearly__bins2__h2__seed42__pps1__regfull,results_ri_bins_sensitivity/yearly/freqyearly__bins2__h2__seed42__pps1__regfull,m3_yearly,yearly,1,24,"12,24,36",2,2,42,1,full,task2,pattern_raw_dtw,ndcg@10,129,0.3035931451725617,0.1748960913234844,0.2723132333452571,0.3350440986981006,0.6108527131782946,0.0220344755322439,0.3041344048135249,0.614470284237726,0.0320222279498761
freqyearly__bins2__h2__seed42__pps1__regfull,results_ri_bins_sensitivity/yearly/freqyearly__bins2__h2__seed42__pps1__regfull,m3_yearly,yearly,1,24,"12,24,36",2,2,42,1,full,task2,pattern_tsfel,ndcg@10,129,0.3490618169622201,0.1772869706575648,0.3176247498669237,0.3776002437364332,0.6852713178294574,0.0262793613296002,0.3400451175961364,0.6780361757105944,0.0378235093618298
freqyearly__bins2__h2__seed42__pps1__regfull,results_ri_bins_sensitivity/yearly/freqyearly__bins2__h2__seed42__pps1__regfull,m3_yearly,yearly,1,24,"12,24,36",2,2,42,1,full,task2,random,ndcg@10,129,0.2360386114616595,0.1086609356930212,0.2176992443313812,0.2546744812697237,0.5565891472868217,0.0170884350272341,0.2384564804339068,0.5581395348837209,0.0247242380198644
freqyearly__bins2__h2__seed42__pps1__regfull,results_ri_bins_sensitivity/yearly/freqyearly__bins2__h2__seed42__pps1__regfull,m3_yearly,yearly,1,24,"12,24,36",2,2,42,1,full,task1,random,ndcg@15,129,0.2572872715719727,0.0924555505151526,0.2413368699028215,0.2732926377656612,0.5658914728682171,0.0179893689512922,0.2572872715719727,0.5782945736434109,0.0262814840820003
freqyearly__bins2__h2__seed42__pps1__regfull,results_ri_bins_sensitivity/yearly/freqyearly__bins2__h2__seed42__pps1__regfull,m3_yearly,yearly,1,24,"12,24,36",2,2,42,1,full,task1,raw_cosine,ndcg@15,129,0.2900649397944235,0.1418117816285709,0.2663411971526157,0.3136811184180449,0.6364341085271318,0.0226347365340808,0.2900649397944235,0.6289405684754521,0.0323540657351428
freqyearly__bins2__h2__seed42__pps1__regfull,results_ri_bins_sensitivity/yearly/freqyearly__bins2__h2__seed42__pps1__regfull,m3_yearly,yearly,1,24,"12,24,36",2,2,42,1,full,task1,raw_dtw,ndcg@15,129,0.2999577148863349,0.1464506390734158,0.2748417286973242,0.324816037706932,0.6248062015503876,0.0225687445790774,0.2999577148863349,0.6372093023255813,0.0331525894479108
freqyearly__bins2__h2__seed42__pps1__regfull,results_ri_bins_sensitivity/yearly/freqyearly__bins2__h2__seed42__pps1__regfull,m3_yearly,yearly,1,24,"12,24,36",2,2,42,1,full,task1,raw_dtw+tsfel,ndcg@15,129,0.3482993155705926,0.1704051805198092,0.3212514298570463,0.3776066010731193,0.7085271317829458,0.0271152215601792,0.3482993155705926,0.6904392764857881,0.0385927307352708
freqyearly__bins2__h2__seed42__pps1__regfull,results_ri_bins_sensitivity/yearly/freqyearly__bins2__h2__seed42__pps1__regfull,m3_yearly,yearly,1,24,"12,24,36",2,2,42,1,full,task1,tsfel,ndcg@15,129,0.3519712830342472,0.1691081716163422,0.3225583826800041,0.3816492294472504,0.7108527131782945,0.0274495510571058,0.3519712830342472,0.703359173126615,0.0396271509707978
freqyearly__bins2__h2__seed42__pps1__regfull,results_ri_bins_sensitivity/yearly/freqyearly__bins2__h2__seed42__pps1__regfull,m3_yearly,yearly,1,24,"12,24,36",2,2,42,1,full,task2,pattern_raw_cosine,ndcg@15,129,0.3030072938525487,0.1628508405956102,0.2757301025494669,0.3313132982632291,0.6201550387596899,0.0221180803354032,0.3030072938525487,0.6149870801033591,0.0318062560090627
freqyearly__bins2__h2__seed42__pps1__regfull,results_ri_bins_sensitivity/yearly/freqyearly__bins2__h2__seed42__pps1__regfull,m3_yearly,yearly,1,24,"12,24,36",2,2,42,1,full,task2,pattern_raw_cosine+pattern_tsfel,ndcg@15,129,0.3361316636162458,0.1683970202841263,0.3074496437294136,0.3662737297030294,0.6798449612403101,0.0259217892835681,0.3361316636162458,0.6770025839793282,0.0376303370680096
freqyearly__bins2__h2__seed42__pps1__regfull,results_ri_bins_sensitivity/yearly/freqyearly__bins2__h2__seed42__pps1__regfull,m3_yearly,yearly,1,24,"12,24,36",2,2,42,1,full,task2,pattern_raw_dtw,ndcg@15,129,0.3041344048135249,0.1616048922903169,0.2748101791110885,0.3333059553487322,0.6108527131782946,0.0220344755322439,0.3041344048135249,0.614470284237726,0.0320222279498761
freqyearly__bins2__h2__seed42__pps1__regfull,results_ri_bins_sensitivity/yearly/freqyearly__bins2__h2__seed42__pps1__regfull,m3_yearly,yearly,1,24,"12,24,36",2,2,42,1,full,task2,pattern_tsfel,ndcg@15,129,0.3400451175961364,0.166436929919611,0.3101694295960197,0.3670570415652638,0.6852713178294574,0.0262793613296002,0.3400451175961364,0.6780361757105944,0.0378235093618298
freqyearly__bins2__h2__seed42__pps1__regfull,results_ri_bins_sensitivity/yearly/freqyearly__bins2__h2__seed42__pps1__regfull,m3_yearly,yearly,1,24,"12,24,36",2,2,42,1,full,task2,random,ndcg@15,129,0.2384564804339068,0.0933601560386212,0.2227371155334897,0.2546252822950474,0.5565891472868217,0.0170884350272341,0.2384564804339068,0.5581395348837209,0.0247242380198644
freqyearly__bins2__h4__seed42__pps1__regfull,results_ri_bins_sensitivity/yearly/freqyearly__bins2__h4__seed42__pps1__regfull,m3_yearly,yearly,1,24,"12,24,36",2,4,42,1,full,task1,random,ndcg@10,129,0.2383235162758912,0.1001283388030345,0.2219348491881943,0.2557851465788219,0.5604651162790698,0.0176212154917225,0.2406361137530339,0.5643410852713179,0.0255010712668037
freqyearly__bins2__h4__seed42__pps1__regfull,results_ri_bins_sensitivity/yearly/freqyearly__bins2__h4__seed42__pps1__regfull,m3_yearly,yearly,1,24,"12,24,36",2,4,42,1,full,task1,raw_cosine,ndcg@10,129,0.2967199543746849,0.1620045022989278,0.2689859530483854,0.3246552811901897,0.6131782945736435,0.0215715829511003,0.2921467988546939,0.6036175710594315,0.0306383417777271
freqyearly__bins2__h4__seed42__pps1__regfull,results_ri_bins_sensitivity/yearly/freqyearly__bins2__h4__seed42__pps1__regfull,m3_yearly,yearly,1,24,"12,24,36",2,4,42,1,full,task1,raw_dtw,ndcg@10,129,0.3084745271801441,0.1670915887527683,0.2809424681373825,0.3388723175099115,0.641860465116279,0.0235193735246283,0.305721366673425,0.6304909560723514,0.0332425541335389
freqyearly__bins2__h4__seed42__pps1__regfull,results_ri_bins_sensitivity/yearly/freqyearly__bins2__h4__seed42__pps1__regfull,m3_yearly,yearly,1,24,"12,24,36",2,4,42,1,full,task1,raw_dtw+tsfel,ndcg@10,129,0.3615325542995709,0.1820478674582293,0.3298102299904267,0.3930442908316815,0.7248062015503876,0.0284448680388435,0.3557298027588013,0.7204134366925065,0.041392087501307
freqyearly__bins2__h4__seed42__pps1__regfull,results_ri_bins_sensitivity/yearly/freqyearly__bins2__h4__seed42__pps1__regfull,m3_yearly,yearly,1,24,"12,24,36",2,4,42,1,full,task1,tsfel,ndcg@10,129,0.3700011994449527,0.1741393057971796,0.340761238776445,0.4007068892014403,0.7449612403100776,0.0301174020544416,0.3626015594156437,0.7302325581395349,0.0431719643961307
freqyearly__bins2__h4__seed42__pps1__regfull,results_ri_bins_sensitivity/yearly/freqyearly__bins2__h4__seed42__pps1__regfull,m3_yearly,yearly,1,24,"12,24,36",2,4,42,1,full,task2,pattern_raw_cosine,ndcg@10,129,0.2887158717909053,0.1517499639371985,0.2623323690512286,0.3162924203574239,0.5968992248062015,0.0208220630216776,0.2887257797787122,0.6036175710594316,0.030429107019532
freqyearly__bins2__h4__seed42__pps1__regfull,results_ri_bins_sensitivity/yearly/freqyearly__bins2__h4__seed42__pps1__regfull,m3_yearly,yearly,1,24,"12,24,36",2,4,42,1,full,task2,pattern_raw_cosine+pattern_tsfel,ndcg@10,129,0.3463463660314605,0.1679926288779953,0.3161230026174978,0.3753142803009208,0.7015503875968992,0.0271352387026599,0.3414292326266259,0.6956072351421188,0.0391193477281275
freqyearly__bins2__h4__seed42__pps1__regfull,results_ri_bins_sensitivity/yearly/freqyearly__bins2__h4__seed42__pps1__regfull,m3_yearly,yearly,1,24,"12,24,36",2,4,42,1,full,task2,pattern_raw_dtw,ndcg@10,129,0.3011013481535388,0.1598609779453299,0.2724055370856194,0.3293574705747348,0.6031007751937985,0.0219437656489217,0.2914228359251956,0.5881136950904393,0.0305490172472475
freqyearly__bins2__h4__seed42__pps1__regfull,results_ri_bins_sensitivity/yearly/freqyearly__bins2__h4__seed42__pps1__regfull,m3_yearly,yearly,1,24,"12,24,36",2,4,42,1,full,task2,pattern_tsfel,ndcg@10,129,0.3421390604208896,0.1644865207177184,0.3141780722203252,0.3714057854062574,0.7031007751937985,0.0269596920764412,0.3411357752184115,0.7012919896640827,0.0392926153496224
freqyearly__bins2__h4__seed42__pps1__regfull,results_ri_bins_sensitivity/yearly/freqyearly__bins2__h4__seed42__pps1__regfull,m3_yearly,yearly,1,24,"12,24,36",2,4,42,1,full,task2,random,ndcg@10,129,0.2473392941555877,0.1065341442629777,0.2290910658342564,0.2647326740493888,0.5589147286821705,0.0177597242679282,0.250161479980874,0.5596899224806201,0.0255370527649228
freqyearly__bins2__h4__seed42__pps1__regfull,results_ri_bins_sensitivity/yearly/freqyearly__bins2__h4__seed42__pps1__regfull,m3_yearly,yearly,1,24,"12,24,36",2,4,42,1,full,task1,random,ndcg@15,129,0.2406361137530339,0.0828030195186554,0.2275812752654804,0.255177455003246,0.5604651162790698,0.0176212154917225,0.2406361137530339,0.5643410852713179,0.0255010712668037
freqyearly__bins2__h4__seed42__pps1__regfull,results_ri_bins_sensitivity/yearly/freqyearly__bins2__h4__seed42__pps1__regfull,m3_yearly,yearly,1,24,"12,24,36",2,4,42,1,full,task1,raw_cosine,ndcg@15,129,0.2921467988546939,0.1456085665080289,0.2668878181745296,0.3172157044816338,0.6131782945736435,0.0215715829511003,0.2921467988546939,0.6036175710594315,0.0306383417777271
freqyearly__bins2__h4__seed42__pps1__regfull,results_ri_bins_sensitivity/yearly/freqyearly__bins2__h4__seed42__pps1__regfull,m3_yearly,yearly,1,24,"12,24,36",2,4,42,1,full,task1,raw_dtw,ndcg@15,129,0.305721366673425,0.1496492729089698,0.2808606483148395,0.3329563123987887,0.641860465116279,0.0235193735246283,0.305721366673425,0.6304909560723514,0.0332425541335389
freqyearly__bins2__h4__seed42__pps1__regfull,results_ri_bins_sensitivity/yearly/freqyearly__bins2__h4__seed42__pps1__regfull,m3_yearly,yearly,1,24,"12,24,36",2,4,42,1,full,task1,raw_dtw+tsfel,ndcg@15,129,0.3557298027588013,0.1651557010963254,0.3270533858984716,0.3848067835850641,0.7248062015503876,0.0284448680388435,0.3557298027588013,0.7204134366925065,0.041392087501307
freqyearly__bins2__h4__seed42__pps1__regfull,results_ri_bins_sensitivity/yearly/freqyearly__bins2__h4__seed42__pps1__regfull,m3_yearly,yearly,1,24,"12,24,36",2,4,42,1,full,task1,tsfel,ndcg@15,129,0.3626015594156437,0.157858046440888,0.3358301495653448,0.3899015114169606,0.7449612403100776,0.0301174020544416,0.3626015594156437,0.7302325581395349,0.0431719643961307
freqyearly__bins2__h4__seed42__pps1__regfull,results_ri_bins_sensitivity/yearly/freqyearly__bins2__h4__seed42__pps1__regfull,m3_yearly,yearly,1,24,"12,24,36",2,4,42,1,full,task2,pattern_raw_cosine,ndcg@15,129,0.2887257797787122,0.1351429320958605,0.266210537203634,0.3127263868728515,0.5968992248062015,0.0208220630216776,0.2887257797787122,0.6036175710594316,0.030429107019532
freqyearly__bins2__h4__seed42__pps1__regfull,results_ri_bins_sensitivity/yearly/freqyearly__bins2__h4__seed42__pps1__regfull,m3_yearly,yearly,1,24,"12,24,36",2,4,42,1,full,task2,pattern_raw_cosine+pattern_tsfel,ndcg@15,129,0.3414292326266259,0.1486589078560418,0.3150247028341585,0.3665393699121001,0.7015503875968992,0.0271352387026599,0.3414292326266259,0.6956072351421188,0.0391193477281275
freqyearly__bins2__h4__seed42__pps1__regfull,results_ri_bins_sensitivity/yearly/freqyearly__bins2__h4__seed42__pps1__regfull,m3_yearly,yearly,1,24,"12,24,36",2,4,42,1,full,task2,pattern_raw_dtw,ndcg@15,129,0.2914228359251956,0.1413898276228779,0.2660470142683842,0.3160136952911564,0.6031007751937985,0.0219437656489217,0.2914228359251956,0.5881136950904393,0.0305490172472475
freqyearly__bins2__h4__seed42__pps1__regfull,results_ri_bins_sensitivity/yearly/freqyearly__bins2__h4__seed42__pps1__regfull,m3_yearly,yearly,1,24,"12,24,36",2,4,42,1,full,task2,pattern_tsfel,ndcg@15,129,0.3411357752184115,0.1495184894091192,0.315069784333955,0.3668603191909412,0.7031007751937985,0.0269596920764412,0.3411357752184115,0.7012919896640827,0.0392926153496224
freqyearly__bins2__h4__seed42__pps1__regfull,results_ri_bins_sensitivity/yearly/freqyearly__bins2__h4__seed42__pps1__regfull,m3_yearly,yearly,1,24,"12,24,36",2,4,42,1,full,task2,random,ndcg@15,129,0.250161479980874,0.0874475141555606,0.2349045301336878,0.2648824151020376,0.5589147286821705,0.0177597242679282,0.250161479980874,0.5596899224806201,0.0255370527649228
freqyearly__bins2__h6__seed42__pps1__regfull,results_ri_bins_sensitivity/yearly/freqyearly__bins2__h6__seed42__pps1__regfull,m3_yearly,yearly,1,24,"12,24,36",2,6,42,1,full,task1,random,ndcg@10,129,0.2386286980382136,0.1140370291737424,0.2207456238898011,0.2587350464341324,0.5465116279069767,0.0171683348595688,0.2414666337233759,0.5483204134366925,0.024612405669307
freqyearly__bins2__h6__seed42__pps1__regfull,results_ri_bins_sensitivity/yearly/freqyearly__bins2__h6__seed42__pps1__regfull,m3_yearly,yearly,1,24,"12,24,36",2,6,42,1,full,task1,raw_cosine,ndcg@10,129,0.3239358767350073,0.1774472979535102,0.2929960348098901,0.3540871914620626,0.6302325581395348,0.0233657837396369,0.3159534603284389,0.6155038759689923,0.0328993029959046
freqyearly__bins2__h6__seed42__pps1__regfull,results_ri_bins_sensitivity/yearly/freqyearly__bins2__h6__seed42__pps1__regfull,m3_yearly,yearly,1,24,"12,24,36",2,6,42,1,full,task1,raw_dtw,ndcg@10,129,0.3300999136858299,0.1782655944349359,0.2999579683708204,0.3625901481143964,0.6255813953488372,0.0236227520660853,0.3198401498733192,0.6129198966408268,0.0331690925564885
freqyearly__bins2__h6__seed42__pps1__regfull,results_ri_bins_sensitivity/yearly/freqyearly__bins2__h6__seed42__pps1__regfull,m3_yearly,yearly,1,24,"12,24,36",2,6,42,1,full,task1,raw_dtw+tsfel,ndcg@10,129,0.367204526983203,0.1652719962839831,0.3398849011066182,0.3962155947898413,0.72015503875969,0.0283921554499627,0.3582852554846355,0.704392764857881,0.0404234425989206
freqyearly__bins2__h6__seed42__pps1__regfull,results_ri_bins_sensitivity/yearly/freqyearly__bins2__h6__seed42__pps1__regfull,m3_yearly,yearly,1,24,"12,24,36",2,6,42,1,full,task1,tsfel,ndcg@10,129,0.367798474743672,0.1725108501958615,0.3388274408135259,0.398362239398922,0.7356589147286822,0.0298617986525146,0.3637971420299875,0.7209302325581395,0.0426246470849306
freqyearly__bins2__h6__seed42__pps1__regfull,results_ri_bins_sensitivity/yearly/freqyearly__bins2__h6__seed42__pps1__regfull,m3_yearly,yearly,1,24,"12,24,36",2,6,42,1,full,task2,pattern_raw_cosine,ndcg@10,129,0.2999015111990644,0.1627237451522763,0.2726268519081456,0.3297493443309703,0.5899224806201551,0.021270328230982,0.2980671922819356,0.59328165374677,0.0305185180661669
freqyearly__bins2__h6__seed42__pps1__regfull,results_ri_bins_sensitivity/yearly/freqyearly__bins2__h6__seed42__pps1__regfull,m3_yearly,yearly,1,24,"12,24,36",2,6,42,1,full,task2,pattern_raw_cosine+pattern_tsfel,ndcg@10,129,0.3560419336836018,0.1644225076677825,0.3278530629685154,0.3846464879180579,0.6837209302325581,0.0265542593067695,0.3477077495039148,0.6677002583979329,0.0376948059298684
freqyearly__bins2__h6__seed42__pps1__regfull,results_ri_bins_sensitivity/yearly/freqyearly__bins2__h6__seed42__pps1__regfull,m3_yearly,yearly,1,24,"12,24,36",2,6,42,1,full,task2,pattern_raw_dtw,ndcg@10,129,0.3155157376015612,0.1812656458775275,0.2841106209707467,0.3465966401668366,0.6031007751937986,0.0221647814376779,0.3039736556652037,0.5968992248062015,0.0311498429926385
freqyearly__bins2__h6__seed42__pps1__regfull,results_ri_bins_sensitivity/yearly/freqyearly__bins2__h6__seed42__pps1__regfull,m3_yearly,yearly,1,24,"12,24,36",2,6,42,1,full,task2,pattern_tsfel,ndcg@10,129,0.3564408826049116,0.1652961344405408,0.3299974011581736,0.384476429212097,0.6930232558139535,0.0269906673396391,0.3511490156825838,0.6837209302325582,0.0388122049634359
freqyearly__bins2__h6__seed42__pps1__regfull,results_ri_bins_sensitivity/yearly/freqyearly__bins2__h6__seed42__pps1__regfull,m3_yearly,yearly,1,24,"12,24,36",2,6,42,1,full,task2,random,ndcg@10,129,0.2333356119391893,0.1040810864499864,0.2154291185275587,0.2520994852732034,0.5542635658914727,0.0185416499905751,0.2328850079110616,0.5395348837209302,0.025487064302101
freqyearly__bins2__h6__seed42__pps1__regfull,results_ri_bins_sensitivity/yearly/freqyearly__bins2__h6__seed42__pps1__regfull,m3_yearly,yearly,1,24,"12,24,36",2,6,42,1,full,task1,random,ndcg@15,129,0.2414666337233759,0.0907465718760105,0.2272345044945193,0.2577970604615427,0.5465116279069767,0.0171683348595688,0.2414666337233759,0.5483204134366925,0.024612405669307
freqyearly__bins2__h6__seed42__pps1__regfull,results_ri_bins_sensitivity/yearly/freqyearly__bins2__h6__seed42__pps1__regfull,m3_yearly,yearly,1,24,"12,24,36",2,6,42,1,full,task1,raw_cosine,ndcg@15,129,0.3159534603284389,0.1580989716106604,0.2890064179834759,0.3429876780969919,0.6302325581395348,0.0233657837396369,0.3159534603284389,0.6155038759689923,0.0328993029959046
freqyearly__bins2__h6__seed42__pps1__regfull,results_ri_bins_sensitivity/yearly/freqyearly__bins2__h6__seed42__pps1__regfull,m3_yearly,yearly,1,24,"12,24,36",2,6,42,1,full,task1,raw_dtw,ndcg@15,129,0.3198401498733192,0.1589058806118016,0.2928475359030996,0.3484102310733566,0.6255813953488372,0.0236227520660853,0.3198401498733192,0.6129198966408268,0.0331690925564885
freqyearly__bins2__h6__seed42__pps1__regfull,results_ri_bins_sensitivity/yearly/freqyearly__bins2__h6__seed42__pps1__regfull,m3_yearly,yearly,1,24,"12,24,36",2,6,42,1,full,task1,raw_dtw+tsfel,ndcg@15,129,0.3582852554846355,0.1459663644325488,0.3337514281150535,0.3835678818494427,0.72015503875969,0.0283921554499627,0.3582852554846355,0.704392764857881,0.0404234425989206
freqyearly__bins2__h6__seed42__pps1__regfull,results_ri_bins_sensitivity/yearly/freqyearly__bins2__h6__seed42__pps1__regfull,m3_yearly,yearly,1,24,"12,24,36",2,6,42,1,full,task1,tsfel,ndcg@15,129,0.3637971420299875,0.1576150587173003,0.3366919439959006,0.3911690989076891,0.7356589147286822,0.0298617986525146,0.3637971420299875,0.7209302325581395,0.0426246470849306
freqyearly__bins2__h6__seed42__pps1__regfull,results_ri_bins_sensitivity/yearly/freqyearly__bins2__h6__seed42__pps1__regfull,m3_yearly,yearly,1,24,"12,24,36",2,6,42,1,full,task2,pattern_raw_cosine,ndcg@15,129,0.2980671922819356,0.146572683687733,0.272951282378211,0.3251478187277341,0.5899224806201551,0.021270328230982,0.2980671922819356,0.59328165374677,0.0305185180661669
freqyearly__bins2__h6__seed42__pps1__regfull,results_ri_bins_sensitivity/yearly/freqyearly__bins2__h6__seed42__pps1__regfull,m3_yearly,yearly,1,24,"12,24,36",2,6,42,1,full,task2,pattern_raw_cosine+pattern_tsfel,ndcg@15,129,0.3477077495039148,0.1480037796573117,0.3217620424708376,0.3727040718753412,0.6837209302325581,0.0265542593067695,0.3477077495039148,0.6677002583979329,0.0376948059298684
freqyearly__bins2__h6__seed42__pps1__regfull,results_ri_bins_sensitivity/yearly/freqyearly__bins2__h6__seed42__pps1__regfull,m3_yearly,yearly,1,24,"12,24,36",2,6,42,1,full,task2,pattern_raw_dtw,ndcg@15,129,0.3039736556652037,0.1562290616470531,0.2769231799185758,0.3306679245759082,0.6031007751937986,0.0221647814376779,0.3039736556652037,0.5968992248062015,0.0311498429926385
freqyearly__bins2__h6__seed42__pps1__regfull,results_ri_bins_sensitivity/yearly/freqyearly__bins2__h6__seed42__pps1__regfull,m3_yearly,yearly,1,24,"12,24,36",2,6,42,1,full,task2,pattern_tsfel,ndcg@15,129,0.3511490156825838,0.1486013770738797,0.3269628490587695,0.375513589011421,0.6930232558139535,0.0269906673396391,0.3511490156825838,0.6837209302325582,0.0388122049634359
freqyearly__bins2__h6__seed42__pps1__regfull,results_ri_bins_sensitivity/yearly/freqyearly__bins2__h6__seed42__pps1__regfull,m3_yearly,yearly,1,24,"12,24,36",2,6,42,1,full,task2,random,ndcg@15,129,0.2328850079110616,0.087515194594555,0.218550056209283,0.2483188086723273,0.5542635658914727,0.0185416499905751,0.2328850079110616,0.5395348837209302,0.025487064302101
freqyearly__bins3__h2__seed42__pps1__regfull,results_ri_bins_sensitivity/yearly/freqyearly__bins3__h2__seed42__pps1__regfull,m3_yearly,yearly,1,24,"12,24,36",3,2,42,1,full,task1,random,ndcg@10,129,0.1532650837547768,0.0893851156407398,0.1392246631668204,0.1696463902881564,0.3813953488372092,0.0140529231393109,0.1591514829280588,0.3839793281653746,0.0198085414116762
freqyearly__bins3__h2__seed42__pps1__regfull,results_ri_bins_sensitivity/yearly/freqyearly__bins3__h2__seed42__pps1__regfull,m3_yearly,yearly,1,24,"12,24,36",3,2,42,1,full,task1,raw_cosine,ndcg@10,129,0.2016637075780016,0.1432037097945328,0.1777310901420173,0.2256445696331289,0.4302325581395348,0.0191487905450828,0.2009849048940858,0.4237726098191214,0.0262664384088277
freqyearly__bins3__h2__seed42__pps1__regfull,results_ri_bins_sensitivity/yearly/freqyearly__bins3__h2__seed42__pps1__regfull,m3_yearly,yearly,1,24,"12,24,36",3,2,42,1,full,task1,raw_dtw,ndcg@10,129,0.2103967090931488,0.1556149537849304,0.184177556870389,0.2373612963245851,0.4449612403100775,0.0200250218709618,0.2136717098802669,0.4490956072351421,0.0283049418193093
freqyearly__bins3__h2__seed42__pps1__regfull,results_ri_bins_sensitivity/yearly/freqyearly__bins3__h2__seed42__pps1__regfull,m3_yearly,yearly,1,24,"12,24,36",3,2,42,1,full,task1,raw_dtw+tsfel,ndcg@10,129,0.2662684712778805,0.1723193622283071,0.23842387780645,0.2961383993322514,0.5302325581395348,0.0272529522146789,0.2606597359790825,0.5162790697674419,0.0375523972794271
freqyearly__bins3__h2__seed42__pps1__regfull,results_ri_bins_sensitivity/yearly/freqyearly__bins3__h2__seed42__pps1__regfull,m3_yearly,yearly,1,24,"12,24,36",3,2,42,1,full,task1,tsfel,ndcg@10,129,0.2571176244588442,0.1650451478993162,0.2291977249447088,0.2865457625025948,0.5294573643410854,0.0270265397367045,0.2597226176958029,0.5245478036175711,0.0381143447058915
freqyearly__bins3__h2__seed42__pps1__regfull,results_ri_bins_sensitivity/yearly/freqyearly__bins3__h2__seed42__pps1__regfull,m3_yearly,yearly,1,24,"12,24,36",3,2,42,1,full,task2,pattern_raw_cosine,ndcg@10,129,0.185986932270571,0.1426639730196079,0.1612899726813735,0.211346845480652,0.4201550387596899,0.0192264124632474,0.1894073221197376,0.4180878552971576,0.0268283081652326
freqyearly__bins3__h2__seed42__pps1__regfull,results_ri_bins_sensitivity/yearly/freqyearly__bins3__h2__seed42__pps1__regfull,m3_yearly,yearly,1,24,"12,24,36",3,2,42,1,full,task2,pattern_raw_cosine+pattern_tsfel,ndcg@10,129,0.2489465075244489,0.1561496111523459,0.2221029455787379,0.2758271782002311,0.5286821705426356,0.0272220837553349,0.2518215551552877,0.5219638242894057,0.0383741450401123
freqyearly__bins3__h2__seed42__pps1__regfull,results_ri_bins_sensitivity/yearly/freqyearly__bins3__h2__seed42__pps1__regfull,m3_yearly,yearly,1,24,"12,24,36",3,2,42,1,full,task2,pattern_raw_dtw,ndcg@10,129,0.1856744013147933,0.1544035903355298,0.1600774718671316,0.2135839944697307,0.4279069767441861,0.0198515269488657,0.1889726500522819,0.4263565891472868,0.0276441931584799
freqyearly__bins3__h2__seed42__pps1__regfull,results_ri_bins_sensitivity/yearly/freqyearly__bins3__h2__seed42__pps1__regfull,m3_yearly,yearly,1,24,"12,24,36",3,2,42,1,full,task2,pattern_tsfel,ndcg@10,129,0.2508881753728126,0.1517360779401908,0.2252282581567762,0.2764215283308368,0.5325581395348836,0.0274746004996497,0.2494119202506173,0.5204134366925064,0.038431136427658
freqyearly__bins3__h2__seed42__pps1__regfull,results_ri_bins_sensitivity/yearly/freqyearly__bins3__h2__seed42__pps1__regfull,m3_yearly,yearly,1,24,"12,24,36",3,2,42,1,full,task2,random,ndcg@10,129,0.1504837769434134,0.1053400781252923,0.1331330356784773,0.1695844537899126,0.3682170542635659,0.0141697321467794,0.1547567112266658,0.3757105943152454,0.0199879871804883
freqyearly__bins3__h2__seed42__pps1__regfull,results_ri_bins_sensitivity/yearly/freqyearly__bins3__h2__seed42__pps1__regfull,m3_yearly,yearly,1,24,"12,24,36",3,2,42,1,full,task1,random,ndcg@15,129,0.1591514829280588,0.0776767450159618,0.1464770976419046,0.1730487873721455,0.3813953488372092,0.0140529231393109,0.1591514829280588,0.3839793281653746,0.0198085414116762
freqyearly__bins3__h2__seed42__pps1__regfull,results_ri_bins_sensitivity/yearly/freqyearly__bins3__h2__seed42__pps1__regfull,m3_yearly,yearly,1,24,"12,24,36",3,2,42,1,full,task1,raw_cosine,ndcg@15,129,0.2009849048940858,0.1264279514030272,0.1793741069410104,0.2222631343105841,0.4302325581395348,0.0191487905450828,0.2009849048940858,0.4237726098191214,0.0262664384088277
freqyearly__bins3__h2__seed42__pps1__regfull,results_ri_bins_sensitivity/yearly/freqyearly__bins3__h2__seed42__pps1__regfull,m3_yearly,yearly,1,24,"12,24,36",3,2,42,1,full,task1,raw_dtw,ndcg@15,129,0.2136717098802669,0.1349271688033434,0.1906002721065477,0.2372503485848341,0.4449612403100775,0.0200250218709618,0.2136717098802669,0.4490956072351421,0.0283049418193093
freqyearly__bins3__h2__seed42__pps1__regfull,results_ri_bins_sensitivity/yearly/freqyearly__bins3__h2__seed42__pps1__regfull,m3_yearly,yearly,1,24,"12,24,36",3,2,42,1,full,task1,raw_dtw+tsfel,ndcg@15,129,0.2606597359790825,0.1548684837510602,0.235062482980961,0.2875663179040769,0.5302325581395348,0.0272529522146789,0.2606597359790825,0.5162790697674419,0.0375523972794271
freqyearly__bins3__h2__seed42__pps1__regfull,results_ri_bins_sensitivity/yearly/freqyearly__bins3__h2__seed42__pps1__regfull,m3_yearly,yearly,1,24,"12,24,36",3,2,42,1,full,task1,tsfel,ndcg@15,129,0.2597226176958029,0.1501959263780021,0.2341544444489944,0.2868171990418828,0.5294573643410854,0.0270265397367045,0.2597226176958029,0.5245478036175711,0.0381143447058915
freqyearly__bins3__h2__seed42__pps1__regfull,results_ri_bins_sensitivity/yearly/freqyearly__bins3__h2__seed42__pps1__regfull,m3_yearly,yearly,1,24,"12,24,36",3,2,42,1,full,task2,pattern_raw_cosine,ndcg@15,129,0.1894073221197376,0.1319295969368277,0.1674108760704331,0.2125042147054449,0.4201550387596899,0.0192264124632474,0.1894073221197376,0.4180878552971576,0.0268283081652326
freqyearly__bins3__h2__seed42__pps1__regfull,results_ri_bins_sensitivity/yearly/freqyearly__bins3__h2__seed42__pps1__regfull,m3_yearly,yearly,1,24,"12,24,36",3,2,42,1,full,task2,pattern_raw_cosine+pattern_tsfel,ndcg@15,129,0.2518215551552877,0.145229192404089,0.2264416310911943,0.277348551972343,0.5286821705426356,0.0272220837553349,0.2518215551552877,0.5219638242894057,0.0383741450401123
freqyearly__bins3__h2__seed42__pps1__regfull,results_ri_bins_sensitivity/yearly/freqyearly__bins3__h2__seed42__pps1__regfull,m3_yearly,yearly,1,24,"12,24,36",3,2,42,1,full,task2,pattern_raw_dtw,ndcg@15,129,0.1889726500522819,0.1439849761835085,0.1643344459944975,0.2148168679749962,0.4279069767441861,0.0198515269488657,0.1889726500522819,0.4263565891472868,0.0276441931584799
freqyearly__bins3__h2__seed42__pps1__regfull,results_ri_bins_sensitivity/yearly/freqyearly__bins3__h2__seed42__pps1__regfull,m3_yearly,yearly,1,24,"12,24,36",3,2,42,1,full,task2,pattern_tsfel,ndcg@15,129,0.2494119202506173,0.1406301474525297,0.2259291785868049,0.272724404472246,0.5325581395348836,0.0274746004996497,0.2494119202506173,0.5204134366925064,0.038431136427658
freqyearly__bins3__h2__seed42__pps1__regfull,results_ri_bins_sensitivity/yearly/freqyearly__bins3__h2__seed42__pps1__regfull,m3_yearly,yearly,1,24,"12,24,36",3,2,42,1,full,task2,random,ndcg@15,129,0.1547567112266658,0.0905951943381082,0.1396338355997505,0.1707877754950281,0.3682170542635659,0.0141697321467794,0.1547567112266658,0.3757105943152454,0.0199879871804883
freqyearly__bins3__h4__seed42__pps1__regfull,results_ri_bins_sensitivity/yearly/freqyearly__bins3__h4__seed42__pps1__regfull,m3_yearly,yearly,1,24,"12,24,36",3,4,42,1,full,task1,random,ndcg@10,129,0.1355699977460855,0.0769529260060394,0.1228581225434518,0.1495957560933449,0.3627906976744185,0.0129745542619488,0.1473680964698358,0.3762273901808785,0.0187251302806107
freqyearly__bins3__h4__seed42__pps1__regfull,results_ri_bins_sensitivity/yearly/freqyearly__bins3__h4__seed42__pps1__regfull,m3_yearly,yearly,1,24,"12,24,36",3,4,42,1,full,task1,raw_cosine,ndcg@10,129,0.1855261506175675,0.1379646130748811,0.1620672634116436,0.2112076027436039,0.4217054263565891,0.0190044899996183,0.1892962063689838,0.4160206718346253,0.0263490926021588
freqyearly__bins3__h4__seed42__pps1__regfull,results_ri_bins_sensitivity/yearly/freqyearly__bins3__h4__seed42__pps1__regfull,m3_yearly,yearly,1,24,"12,24,36",3,4,42,1,full,task1,raw_dtw,ndcg@10,129,0.1895091054361461,0.1439533764987491,0.165397684471918,0.2162666423179785,0.4496124031007752,0.0206714040211424,0.1961175414978626,0.4454780361757106,0.028750395888125
freqyearly__bins3__h4__seed42__pps1__regfull,results_ri_bins_sensitivity/yearly/freqyearly__bins3__h4__seed42__pps1__regfull,m3_yearly,yearly,1,24,"12,24,36",3,4,42,1,full,task1,raw_dtw+tsfel,ndcg@10,129,0.2423671878210977,0.1570077200194717,0.2158378418763219,0.2691730844631378,0.5310077519379846,0.0270080681861708,0.2423648379727882,0.5198966408268734,0.0378613630975349
freqyearly__bins3__h4__seed42__pps1__regfull,results_ri_bins_sensitivity/yearly/freqyearly__bins3__h4__seed42__pps1__regfull,m3_yearly,yearly,1,24,"12,24,36",3,4,42,1,full,task1,tsfel,ndcg@10,129,0.2448555408621139,0.1622854204248396,0.2170976929846272,0.2741437442261572,0.5271317829457365,0.0280064277947372,0.2479642346199888,0.5276485788113695,0.0393204951291557
freqyearly__bins3__h4__seed42__pps1__regfull,results_ri_bins_sensitivity/yearly/freqyearly__bins3__h4__seed42__pps1__regfull,m3_yearly,yearly,1,24,"12,24,36",3,4,42,1,full,task2,pattern_raw_cosine,ndcg@10,129,0.1939372029855858,0.1308160151807079,0.171981930650293,0.2171391294989486,0.4410852713178294,0.0203232745547586,0.1989746434193021,0.4403100775193798,0.0288131616417826
freqyearly__bins3__h4__seed42__pps1__regfull,results_ri_bins_sensitivity/yearly/freqyearly__bins3__h4__seed42__pps1__regfull,m3_yearly,yearly,1,24,"12,24,36",3,4,42,1,full,task2,pattern_raw_cosine+pattern_tsfel,ndcg@10,129,0.2486220400013314,0.1549038638855321,0.2201966151184799,0.2755144404531282,0.5519379844961241,0.0289019286390835,0.2503018886266497,0.5364341085271318,0.0404715899494762
freqyearly__bins3__h4__seed42__pps1__regfull,results_ri_bins_sensitivity/yearly/freqyearly__bins3__h4__seed42__pps1__regfull,m3_yearly,yearly,1,24,"12,24,36",3,4,42,1,full,task2,pattern_raw_dtw,ndcg@10,129,0.2046653997815881,0.136557355518628,0.1811444927413762,0.2288390883015791,0.4457364341085271,0.0213281004146444,0.2017517149429486,0.4273901808785529,0.0287775744155791
freqyearly__bins3__h4__seed42__pps1__regfull,results_ri_bins_sensitivity/yearly/freqyearly__bins3__h4__seed42__pps1__regfull,m3_yearly,yearly,1,24,"12,24,36",3,4,42,1,full,task2,pattern_tsfel,ndcg@10,129,0.2517061013067619,0.1506865951778169,0.2272565324807745,0.2778626011277287,0.5519379844961241,0.0289597212622121,0.2539970206436546,0.5400516795865633,0.0407609743140369
freqyearly__bins3__h4__seed42__pps1__regfull,results_ri_bins_sensitivity/yearly/freqyearly__bins3__h4__seed42__pps1__regfull,m3_yearly,yearly,1,24,"12,24,36",3,4,42,1,full,task2,random,ndcg@10,129,0.145114527359926,0.0903851536931468,0.1298078532939871,0.1607786326531227,0.3775193798449611,0.0147429883904897,0.1524831119742399,0.3803617571059431,0.0205500833764707
freqyearly__bins3__h4__seed42__pps1__regfull,results_ri_bins_sensitivity/yearly/freqyearly__bins3__h4__seed42__pps1__regfull,m3_yearly,yearly,1,24,"12,24,36",3,4,42,1,full,task1,random,ndcg@15,129,0.1473680964698358,0.0680279826574982,0.1361528524452597,0.1598444167037337,0.3627906976744185,0.0129745542619488,0.1473680964698358,0.3762273901808785,0.0187251302806107
freqyearly__bins3__h4__seed42__pps1__regfull,results_ri_bins_sensitivity/yearly/freqyearly__bins3__h4__seed42__pps1__regfull,m3_yearly,yearly,1,24,"12,24,36",3,4,42,1,full,task1,raw_cosine,ndcg@15,129,0.1892962063689838,0.1256912972726468,0.1672753507316766,0.2121716788861472,0.4217054263565891,0.0190044899996183,0.1892962063689838,0.4160206718346253,0.0263490926021588
freqyearly__bins3__h4__seed42__pps1__regfull,results_ri_bins_sensitivity/yearly/freqyearly__bins3__h4__seed42__pps1__regfull,m3_yearly,yearly,1,24,"12,24,36",3,4,42,1,full,task1,raw_dtw,ndcg@15,129,0.1961175414978626,0.1270988084621011,0.1749960596622287,0.2191663869056405,0.4496124031007752,0.0206714040211424,0.1961175414978626,0.4454780361757106,0.028750395888125
freqyearly__bins3__h4__seed42__pps1__regfull,results_ri_bins_sensitivity/yearly/freqyearly__bins3__h4__seed42__pps1__regfull,m3_yearly,yearly,1,24,"12,24,36",3,4,42,1,full,task1,raw_dtw+tsfel,ndcg@15,129,0.2423648379727882,0.1376321828516915,0.2188737920775,0.266295714178228,0.5310077519379846,0.0270080681861708,0.2423648379727882,0.5198966408268734,0.0378613630975349
freqyearly__bins3__h4__seed42__pps1__regfull,results_ri_bins_sensitivity/yearly/freqyearly__bins3__h4__seed42__pps1__regfull,m3_yearly,yearly,1,24,"12,24,36",3,4,42,1,full,task1,tsfel,ndcg@15,129,0.2479642346199888,0.1442765943297741,0.2231175435262669,0.2736458680034537,0.5271317829457365,0.0280064277947372,0.2479642346199888,0.5276485788113695,0.0393204951291557
freqyearly__bins3__h4__seed42__pps1__regfull,results_ri_bins_sensitivity/yearly/freqyearly__bins3__h4__seed42__pps1__regfull,m3_yearly,yearly,1,24,"12,24,36",3,4,42,1,full,task2,pattern_raw_cosine,ndcg@15,129,0.1989746434193021,0.1194921757832708,0.178914330196428,0.2199160154071832,0.4410852713178294,0.0203232745547586,0.1989746434193021,0.4403100775193798,0.0288131616417826
freqyearly__bins3__h4__seed42__pps1__regfull,results_ri_bins_sensitivity/yearly/freqyearly__bins3__h4__seed42__pps1__regfull,m3_yearly,yearly,1,24,"12,24,36",3,4,42,1,full,task2,pattern_raw_cosine+pattern_tsfel,ndcg@15,129,0.2503018886266497,0.1426408751337533,0.2247712709379529,0.275216098800344,0.5519379844961241,0.0289019286390835,0.2503018886266497,0.5364341085271318,0.0404715899494762
freqyearly__bins3__h4__seed42__pps1__regfull,results_ri_bins_sensitivity/yearly/freqyearly__bins3__h4__seed42__pps1__regfull,m3_yearly,yearly,1,24,"12,24,36",3,4,42,1,full,task2,pattern_raw_dtw,ndcg@15,129,0.2017517149429486,0.1207727430736055,0.1807096946472953,0.2233176700229418,0.4457364341085271,0.0213281004146444,0.2017517149429486,0.4273901808785529,0.0287775744155791
freqyearly__bins3__h4__seed42__pps1__regfull,results_ri_bins_sensitivity/yearly/freqyearly__bins3__h4__seed42__pps1__regfull,m3_yearly,yearly,1,24,"12,24,36",3,4,42,1,full,task2,pattern_tsfel,ndcg@15,129,0.2539970206436546,0.1388488914815558,0.2306814393443877,0.278000899587915,0.5519379844961241,0.0289597212622121,0.2539970206436546,0.5400516795865633,0.0407609743140369
freqyearly__bins3__h4__seed42__pps1__regfull,results_ri_bins_sensitivity/yearly/freqyearly__bins3__h4__seed42__pps1__regfull,m3_yearly,yearly,1,24,"12,24,36",3,4,42,1,full,task2,random,ndcg@15,129,0.1524831119742399,0.0767188832951684,0.1395194279833133,0.1660843216863482,0.3775193798449611,0.0147429883904897,0.1524831119742399,0.3803617571059431,0.0205500833764707
freqyearly__bins3__h6__seed42__pps1__regfull,results_ri_bins_sensitivity/yearly/freqyearly__bins3__h6__seed42__pps1__regfull,m3_yearly,yearly,1,24,"12,24,36",3,6,42,1,full,task1,random,ndcg@10,129,0.1456259043606047,0.0921050235602303,0.13024849939955,0.161713420116167,0.3744186046511628,0.0141322651390753,0.1507243678481614,0.3715762273901809,0.0194867033448456
freqyearly__bins3__h6__seed42__pps1__regfull,results_ri_bins_sensitivity/yearly/freqyearly__bins3__h6__seed42__pps1__regfull,m3_yearly,yearly,1,24,"12,24,36",3,6,42,1,full,task1,raw_cosine,ndcg@10,129,0.2114772649859233,0.1492523696123776,0.1863022888858263,0.2383731903105139,0.4573643410852713,0.0218643245798457,0.2086436132718871,0.4490956072351421,0.0302330017850615
freqyearly__bins3__h6__seed42__pps1__regfull,results_ri_bins_sensitivity/yearly/freqyearly__bins3__h6__seed42__pps1__regfull,m3_yearly,yearly,1,24,"12,24,36",3,6,42,1,full,task1,raw_dtw,ndcg@10,129,0.214635979333707,0.1579343638124797,0.1886508964702272,0.2415720154095845,0.4736434108527131,0.0239412213505864,0.2156511760022504,0.4656330749354005,0.0328213374779533
freqyearly__bins3__h6__seed42__pps1__regfull,results_ri_bins_sensitivity/yearly/freqyearly__bins3__h6__seed42__pps1__regfull,m3_yearly,yearly,1,24,"12,24,36",3,6,42,1,full,task1,raw_dtw+tsfel,ndcg@10,129,0.2426136989097906,0.1491481847115282,0.2187374584825452,0.2672148396477481,0.5418604651162792,0.0279617780772816,0.2423462123953589,0.5276485788113696,0.0389158896416165
freqyearly__bins3__h6__seed42__pps1__regfull,results_ri_bins_sensitivity/yearly/freqyearly__bins3__h6__seed42__pps1__regfull,m3_yearly,yearly,1,24,"12,24,36",3,6,42,1,full,task1,tsfel,ndcg@10,129,0.2332472525420549,0.1401136000015505,0.2095513330912527,0.258171669789107,0.5395348837209302,0.0280998310871615,0.2399548574820079,0.5369509043927649,0.0396507870056495
freqyearly__bins3__h6__seed42__pps1__regfull,results_ri_bins_sensitivity/yearly/freqyearly__bins3__h6__seed42__pps1__regfull,m3_yearly,yearly,1,24,"12,24,36",3,6,42,1,full,task2,pattern_raw_cosine,ndcg@10,129,0.2016612886362164,0.1419733497783282,0.1785259280153318,0.2262534806923101,0.4248062015503875,0.0207446803110207,0.2023230854411829,0.4149870801033591,0.0281582590785409
freqyearly__bins3__h6__seed42__pps1__regfull,results_ri_bins_sensitivity/yearly/freqyearly__bins3__h6__seed42__pps1__regfull,m3_yearly,yearly,1,24,"12,24,36",3,6,42,1,full,task2,pattern_raw_cosine+pattern_tsfel,ndcg@10,129,0.2529865176500415,0.1538294091428136,0.226078229804528,0.2803082543088702,0.5294573643410853,0.0278334869487669,0.2508841304421306,0.5059431524547805,0.0378104901894433
freqyearly__bins3__h6__seed42__pps1__regfull,results_ri_bins_sensitivity/yearly/freqyearly__bins3__h6__seed42__pps1__regfull,m3_yearly,yearly,1,24,"12,24,36",3,6,42,1,full,task2,pattern_raw_dtw,ndcg@10,129,0.2024240224145295,0.1554532224262823,0.1755237492333991,0.2290157299439502,0.4248062015503876,0.0211393257884453,0.2045276186468653,0.4227390180878553,0.0291715619751973
freqyearly__bins3__h6__seed42__pps1__regfull,results_ri_bins_sensitivity/yearly/freqyearly__bins3__h6__seed42__pps1__regfull,m3_yearly,yearly,1,24,"12,24,36",3,6,42,1,full,task2,pattern_tsfel,ndcg@10,129,0.2455825370000255,0.1447357716929659,0.2218800338423945,0.2708405828522555,0.5240310077519379,0.0270320821249176,0.2476746073632333,0.5100775193798449,0.0371980541552643
freqyearly__bins3__h6__seed42__pps1__regfull,results_ri_bins_sensitivity/yearly/freqyearly__bins3__h6__seed42__pps1__regfull,m3_yearly,yearly,1,24,"12,24,36",3,6,42,1,full,task2,random,ndcg@10,129,0.1343602109916957,0.0722857455876195,0.1223620037523634,0.1468676899438525,0.3736434108527131,0.0141463912717178,0.1438719179315243,0.3715762273901809,0.0194780704597943
freqyearly__bins3__h6__seed42__pps1__regfull,results_ri_bins_sensitivity/yearly/freqyearly__bins3__h6__seed42__pps1__regfull,m3_yearly,yearly,1,24,"12,24,36",3,6,42,1,full,task1,random,ndcg@15,129,0.1507243678481614,0.0776810656400971,0.1377244689926196,0.1642931908022254,0.3744186046511628,0.0141322651390753,0.1507243678481614,0.3715762273901809,0.0194867033448456
freqyearly__bins3__h6__seed42__pps1__regfull,results_ri_bins_sensitivity/yearly/freqyearly__bins3__h6__seed42__pps1__regfull,m3_yearly,yearly,1,24,"12,24,36",3,6,42,1,full,task1,raw_cosine,ndcg@15,129,0.2086436132718871,0.1309513469999919,0.1860043874390005,0.231731588638996,0.4573643410852713,0.0218643245798457,0.2086436132718871,0.4490956072351421,0.0302330017850615
freqyearly__bins3__h6__seed42__pps1__regfull,results_ri_bins_sensitivity/yearly/freqyearly__bins3__h6__seed42__pps1__regfull,m3_yearly,yearly,1,24,"12,24,36",3,6,42,1,full,task1,raw_dtw,ndcg@15,129,0.2156511760022504,0.1397034720576209,0.1932442721804311,0.2393847135767566,0.4736434108527131,0.0239412213505864,0.2156511760022504,0.4656330749354005,0.0328213374779533
freqyearly__bins3__h6__seed42__pps1__regfull,results_ri_bins_sensitivity/yearly/freqyearly__bins3__h6__seed42__pps1__regfull,m3_yearly,yearly,1,24,"12,24,36",3,6,42,1,full,task1,raw_dtw+tsfel,ndcg@15,129,0.2423462123953589,0.1329729005547488,0.2200623738430356,0.2651911664124249,0.5418604651162792,0.0279617780772816,0.2423462123953589,0.5276485788113696,0.0389158896416165
freqyearly__bins3__h6__seed42__pps1__regfull,results_ri_bins_sensitivity/yearly/freqyearly__bins3__h6__seed42__pps1__regfull,m3_yearly,yearly,1,24,"12,24,36",3,6,42,1,full,task1,tsfel,ndcg@15,129,0.2399548574820079,0.1324233645873448,0.2179332651551467,0.2642223893507091,0.5395348837209302,0.0280998310871615,0.2399548574820079,0.5369509043927649,0.0396507870056495
freqyearly__bins3__h6__seed42__pps1__regfull,results_ri_bins_sensitivity/yearly/freqyearly__bins3__h6__seed42__pps1__regfull,m3_yearly,yearly,1,24,"12,24,36",3,6,42,1,full,task2,pattern_raw_cosine,ndcg@15,129,0.2023230854411829,0.1297704908705259,0.1810632982420953,0.225368896666614,0.4248062015503875,0.0207446803110207,0.2023230854411829,0.4149870801033591,0.0281582590785409
freqyearly__bins3__h6__seed42__pps1__regfull,results_ri_bins_sensitivity/yearly/freqyearly__bins3__h6__seed42__pps1__regfull,m3_yearly,yearly,1,24,"12,24,36",3,6,42,1,full,task2,pattern_raw_cosine+pattern_tsfel,ndcg@15,129,0.2508841304421306,0.139037753582839,0.2265921595633032,0.275168382773219,0.5294573643410853,0.0278334869487669,0.2508841304421306,0.5059431524547805,0.0378104901894433
freqyearly__bins3__h6__seed42__pps1__regfull,results_ri_bins_sensitivity/yearly/freqyearly__bins3__h6__seed42__pps1__regfull,m3_yearly,yearly,1,24,"12,24,36",3,6,42,1,full,task2,pattern_raw_dtw,ndcg@15,129,0.2045276186468653,0.1387134779233133,0.1797997465264392,0.2282617355403142,0.4248062015503876,0.0211393257884453,0.2045276186468653,0.4227390180878553,0.0291715619751973
freqyearly__bins3__h6__seed42__pps1__regfull,results_ri_bins_sensitivity/yearly/freqyearly__bins3__h6__seed42__pps1__regfull,m3_yearly,yearly,1,24,"12,24,36",3,6,42,1,full,task2,pattern_tsfel,ndcg@15,129,0.2476746073632333,0.1304292581833313,0.2258989251129512,0.2703625447256946,0.5240310077519379,0.0270320821249176,0.2476746073632333,0.5100775193798449,0.0371980541552643
freqyearly__bins3__h6__seed42__pps1__regfull,results_ri_bins_sensitivity/yearly/freqyearly__bins3__h6__seed42__pps1__regfull,m3_yearly,yearly,1,24,"12,24,36",3,6,42,1,full,task2,random,ndcg@15,129,0.1438719179315243,0.0647939418231176,0.1327755001370762,0.1551501459041679,0.3736434108527131,0.0141463912717178,0.1438719179315243,0.3715762273901809,0.0194780704597943
freqyearly__bins4__h2__seed42__pps1__regfull,results_ri_bins_sensitivity/yearly/freqyearly__bins4__h2__seed42__pps1__regfull,m3_yearly,yearly,1,24,"12,24,36",4,2,42,1,full,task1,random,ndcg@10,129,0.1150190236637902,0.0704606396572892,0.1034526956172824,0.127073498482656,0.2837209302325582,0.0124721248952907,0.1250430654723424,0.2863049095607234,0.0170643259631869
freqyearly__bins4__h2__seed42__pps1__regfull,results_ri_bins_sensitivity/yearly/freqyearly__bins4__h2__seed42__pps1__regfull,m3_yearly,yearly,1,24,"12,24,36",4,2,42,1,full,task1,raw_cosine,ndcg@10,129,0.1471010605799537,0.1270775821899458,0.1267698364807621,0.1693725140013595,0.3271317829457364,0.0169925369522878,0.1531547036946657,0.3224806201550387,0.023321229486741
freqyearly__bins4__h2__seed42__pps1__regfull,results_ri_bins_sensitivity/yearly/freqyearly__bins4__h2__seed42__pps1__regfull,m3_yearly,yearly,1,24,"12,24,36",4,2,42,1,full,task1,raw_dtw,ndcg@10,129,0.1548069931129499,0.1344428431162979,0.1331116345768105,0.1780368364376688,0.3325581395348838,0.0177639005908412,0.1595008258264642,0.3317829457364341,0.0241435655485034
freqyearly__bins4__h2__seed42__pps1__regfull,results_ri_bins_sensitivity/yearly/freqyearly__bins4__h2__seed42__pps1__regfull,m3_yearly,yearly,1,24,"12,24,36",4,2,42,1,full,task1,raw_dtw+tsfel,ndcg@10,129,0.2043967275399003,0.1509680993474541,0.1809664016576161,0.2315386687057871,0.4201550387596899,0.0261995891951661,0.2072760303426442,0.4046511627906977,0.0355406132142037
freqyearly__bins4__h2__seed42__pps1__regfull,results_ri_bins_sensitivity/yearly/freqyearly__bins4__h2__seed42__pps1__regfull,m3_yearly,yearly,1,24,"12,24,36",4,2,42,1,full,task1,tsfel,ndcg@10,129,0.1946814230361267,0.1430719629195424,0.1708256571744736,0.2206903920922139,0.4217054263565892,0.0261186872330697,0.2055259552791489,0.4237726098191214,0.0369198656872356
freqyearly__bins4__h2__seed42__pps1__regfull,results_ri_bins_sensitivity/yearly/freqyearly__bins4__h2__seed42__pps1__regfull,m3_yearly,yearly,1,24,"12,24,36",4,2,42,1,full,task2,pattern_raw_cosine,ndcg@10,129,0.1484359066388521,0.1275715849233362,0.1271780434325866,0.1714483138897745,0.3348837209302325,0.0191042833202097,0.154540184544182,0.3229974160206718,0.0253895296677114
freqyearly__bins4__h2__seed42__pps1__regfull,results_ri_bins_sensitivity/yearly/freqyearly__bins4__h2__seed42__pps1__regfull,m3_yearly,yearly,1,24,"12,24,36",4,2,42,1,full,task2,pattern_raw_cosine+pattern_tsfel,ndcg@10,129,0.1791215885236487,0.1309704911479331,0.1570878951529156,0.201898326895308,0.4085271317829457,0.024783479649402,0.1892806703881792,0.4046511627906977,0.0346741258535783
freqyearly__bins4__h2__seed42__pps1__regfull,results_ri_bins_sensitivity/yearly/freqyearly__bins4__h2__seed42__pps1__regfull,m3_yearly,yearly,1,24,"12,24,36",4,2,42,1,full,task2,pattern_raw_dtw,ndcg@10,129,0.146818194887049,0.1296138153134181,0.1238138765320931,0.1696322861526661,0.3317829457364341,0.0189777582268898,0.1579665037448493,0.3348837209302325,0.0259744016649589
freqyearly__bins4__h2__seed42__pps1__regfull,results_ri_bins_sensitivity/yearly/freqyearly__bins4__h2__seed42__pps1__regfull,m3_yearly,yearly,1,24,"12,24,36",4,2,42,1,full,task2,pattern_tsfel,ndcg@10,129,0.1840082883229756,0.1315634236737426,0.1621758770700009,0.2060465378098868,0.4155038759689922,0.0253477749007821,0.1886733722431764,0.4015503875968992,0.034685762818026
freqyearly__bins4__h2__seed42__pps1__regfull,results_ri_bins_sensitivity/yearly/freqyearly__bins4__h2__seed42__pps1__regfull,m3_yearly,yearly,1,24,"12,24,36",4,2,42,1,full,task2,random,ndcg@10,129,0.1005469357456485,0.0737283950094977,0.0876328306025334,0.1133268148806716,0.2674418604651162,0.0117238480742392,0.1092892209925591,0.2744186046511628,0.0161805382766642
freqyearly__bins4__h2__seed42__pps1__regfull,results_ri_bins_sensitivity/yearly/freqyearly__bins4__h2__seed42__pps1__regfull,m3_yearly,yearly,1,24,"12,24,36",4,2,42,1,full,task1,random,ndcg@15,129,0.1250430654723424,0.0631728922357686,0.1141591329592039,0.1361326217832112,0.2837209302325582,0.0124721248952907,0.1250430654723424,0.2863049095607234,0.0170643259631869
freqyearly__bins4__h2__seed42__pps1__regfull,results_ri_bins_sensitivity/yearly/freqyearly__bins4__h2__seed42__pps1__regfull,m3_yearly,yearly,1,24,"12,24,36",4,2,42,1,full,task1,raw_cosine,ndcg@15,129,0.1531547036946657,0.1186565045964816,0.1339280080418632,0.1731259034892746,0.3271317829457364,0.0169925369522878,0.1531547036946657,0.3224806201550387,0.023321229486741
freqyearly__bins4__h2__seed42__pps1__regfull,results_ri_bins_sensitivity/yearly/freqyearly__bins4__h2__seed42__pps1__regfull,m3_yearly,yearly,1,24,"12,24,36",4,2,42,1,full,task1,raw_dtw,ndcg@15,129,0.1595008258264642,0.1207323191627574,0.1391185196307494,0.1801473340282259,0.3325581395348838,0.0177639005908412,0.1595008258264642,0.3317829457364341,0.0241435655485034
freqyearly__bins4__h2__seed42__pps1__regfull,results_ri_bins_sensitivity/yearly/freqyearly__bins4__h2__seed42__pps1__regfull,m3_yearly,yearly,1,24,"12,24,36",4,2,42,1,full,task1,raw_dtw+tsfel,ndcg@15,129,0.2072760303426442,0.1423320131248532,0.1853840642231107,0.2328195649285792,0.4201550387596899,0.0261995891951661,0.2072760303426442,0.4046511627906977,0.0355406132142037
freqyearly__bins4__h2__seed42__pps1__regfull,results_ri_bins_sensitivity/yearly/freqyearly__bins4__h2__seed42__pps1__regfull,m3_yearly,yearly,1,24,"12,24,36",4,2,42,1,full,task1,tsfel,ndcg@15,129,0.2055259552791489,0.1343858488823588,0.1835391514224429,0.2301461841751619,0.4217054263565892,0.0261186872330697,0.2055259552791489,0.4237726098191214,0.0369198656872356
freqyearly__bins4__h2__seed42__pps1__regfull,results_ri_bins_sensitivity/yearly/freqyearly__bins4__h2__seed42__pps1__regfull,m3_yearly,yearly,1,24,"12,24,36",4,2,42,1,full,task2,pattern_raw_cosine,ndcg@15,129,0.154540184544182,0.1192158777661978,0.1346409144694159,0.1755134114875108,0.3348837209302325,0.0191042833202097,0.154540184544182,0.3229974160206718,0.0253895296677114
freqyearly__bins4__h2__seed42__pps1__regfull,results_ri_bins_sensitivity/yearly/freqyearly__bins4__h2__seed42__pps1__regfull,m3_yearly,yearly,1,24,"12,24,36",4,2,42,1,full,task2,pattern_raw_cosine+pattern_tsfel,ndcg@15,129,0.1892806703881792,0.1255396092307431,0.1670601898757179,0.2122741221812161,0.4085271317829457,0.024783479649402,0.1892806703881792,0.4046511627906977,0.0346741258535783
freqyearly__bins4__h2__seed42__pps1__regfull,results_ri_bins_sensitivity/yearly/freqyearly__bins4__h2__seed42__pps1__regfull,m3_yearly,yearly,1,24,"12,24,36",4,2,42,1,full,task2,pattern_raw_dtw,ndcg@15,129,0.1579665037448493,0.1223019114086344,0.136192047387558,0.1798179893253246,0.3317829457364341,0.0189777582268898,0.1579665037448493,0.3348837209302325,0.0259744016649589
freqyearly__bins4__h2__seed42__pps1__regfull,results_ri_bins_sensitivity/yearly/freqyearly__bins4__h2__seed42__pps1__regfull,m3_yearly,yearly,1,24,"12,24,36",4,2,42,1,full,task2,pattern_tsfel,ndcg@15,129,0.1886733722431764,0.1246171150507694,0.1675773985449573,0.2097754329473811,0.4155038759689922,0.0253477749007821,0.1886733722431764,0.4015503875968992,0.034685762818026
freqyearly__bins4__h2__seed42__pps1__regfull,results_ri_bins_sensitivity/yearly/freqyearly__bins4__h2__seed42__pps1__regfull,m3_yearly,yearly,1,24,"12,24,36",4,2,42,1,full,task2,random,ndcg@15,129,0.1092892209925591,0.0664966361835208,0.0977419146986798,0.1206995994153819,0.2674418604651162,0.0117238480742392,0.1092892209925591,0.2744186046511628,0.0161805382766642
freqyearly__bins4__h4__seed42__pps1__regfull,results_ri_bins_sensitivity/yearly/freqyearly__bins4__h4__seed42__pps1__regfull,m3_yearly,yearly,1,24,"12,24,36",4,4,42,1,full,task1,random,ndcg@10,129,0.1070526242239244,0.0744804662236679,0.0953264451422202,0.1207802861081774,0.2682170542635658,0.0121249466217533,0.1163419118490015,0.2770025839793282,0.0164709114723023
freqyearly__bins4__h4__seed42__pps1__regfull,results_ri_bins_sensitivity/yearly/freqyearly__bins4__h4__seed42__pps1__regfull,m3_yearly,yearly,1,24,"12,24,36",4,4,42,1,full,task1,raw_cosine,ndcg@10,129,0.1513739544111849,0.1280097329579649,0.1301357622505346,0.1750454650824301,0.3449612403100775,0.018983304935007,0.1592618449432238,0.331266149870801,0.0254985602443501
freqyearly__bins4__h4__seed42__pps1__regfull,results_ri_bins_sensitivity/yearly/freqyearly__bins4__h4__seed42__pps1__regfull,m3_yearly,yearly,1,24,"12,24,36",4,4,42,1,full,task1,raw_dtw,ndcg@10,129,0.1637880978605186,0.1313108260474388,0.1418774148713612,0.1886654274856662,0.3728682170542636,0.021658384869742,0.1712192264792199,0.3622739018087855,0.0289157188338809
freqyearly__bins4__h4__seed42__pps1__regfull,results_ri_bins_sensitivity/yearly/freqyearly__bins4__h4__seed42__pps1__regfull,m3_yearly,yearly,1,24,"12,24,36",4,4,42,1,full,task1,raw_dtw+tsfel,ndcg@10,129,0.2040150768640998,0.1460690418800145,0.1785892044353624,0.2289794119979414,0.4217054263565892,0.0270785947489793,0.2055803914696767,0.40671834625323,0.0362547578243693
freqyearly__bins4__h4__seed42__pps1__regfull,results_ri_bins_sensitivity/yearly/freqyearly__bins4__h4__seed42__pps1__regfull,m3_yearly,yearly,1,24,"12,24,36",4,4,42,1,full,task1,tsfel,ndcg@10,129,0.2090155067063293,0.1442376333695603,0.1846905299748013,0.2353574042034735,0.4279069767441861,0.0275775663210711,0.2126676144140452,0.41343669250646,0.0370335514509677
freqyearly__bins4__h4__seed42__pps1__regfull,results_ri_bins_sensitivity/yearly/freqyearly__bins4__h4__seed42__pps1__regfull,m3_yearly,yearly,1,24,"12,24,36",4,4,42,1,full,task2,pattern_raw_cosine,ndcg@10,129,0.1484690536752363,0.1163690248668107,0.1297555129329777,0.1699315676232083,0.3294573643410852,0.0184420341867895,0.1614477653070223,0.3426356589147287,0.0261080933516431
freqyearly__bins4__h4__seed42__pps1__regfull,results_ri_bins_sensitivity/yearly/freqyearly__bins4__h4__seed42__pps1__regfull,m3_yearly,yearly,1,24,"12,24,36",4,4,42,1,full,task2,pattern_raw_cosine+pattern_tsfel,ndcg@10,129,0.1847668082628651,0.1454085202480566,0.1603772542025262,0.2096803186063444,0.3945736434108527,0.0239718059804387,0.1938737952495833,0.3875968992248062,0.0326217464833868
freqyearly__bins4__h4__seed42__pps1__regfull,results_ri_bins_sensitivity/yearly/freqyearly__bins4__h4__seed42__pps1__regfull,m3_yearly,yearly,1,24,"12,24,36",4,4,42,1,full,task2,pattern_raw_dtw,ndcg@10,129,0.1638640640485117,0.1277786028532506,0.1420623655712129,0.1867702240896636,0.3441860465116279,0.0203577070235974,0.168620880400398,0.331266149870801,0.0269997798409981
freqyearly__bins4__h4__seed42__pps1__regfull,results_ri_bins_sensitivity/yearly/freqyearly__bins4__h4__seed42__pps1__regfull,m3_yearly,yearly,1,24,"12,24,36",4,4,42,1,full,task2,pattern_tsfel,ndcg@10,129,0.1815036605854854,0.1415636181741313,0.1566837735284711,0.2059581350364684,0.4007751937984495,0.0246600016651514,0.1983001511835773,0.4041343669250646,0.0347128835870657
freqyearly__bins4__h4__seed42__pps1__regfull,results_ri_bins_sensitivity/yearly/freqyearly__bins4__h4__seed42__pps1__regfull,m3_yearly,yearly,1,24,"12,24,36",4,4,42,1,full,task2,random,ndcg@10,129,0.1006694035682315,0.0682871359442599,0.0896482825699267,0.1129902349930561,0.2720930232558139,0.0117399209793101,0.1153875013804879,0.2770025839793282,0.016169515716245
freqyearly__bins4__h4__seed42__pps1__regfull,results_ri_bins_sensitivity/yearly/freqyearly__bins4__h4__seed42__pps1__regfull,m3_yearly,yearly,1,24,"12,24,36",4,4,42,1,full,task1,random,ndcg@15,129,0.1163419118490015,0.0636756692648029,0.1062301589314736,0.128414709605342,0.2682170542635658,0.0121249466217533,0.1163419118490015,0.2770025839793282,0.0164709114723023
freqyearly__bins4__h4__seed42__pps1__regfull,results_ri_bins_sensitivity/yearly/freqyearly__bins4__h4__seed42__pps1__regfull,m3_yearly,yearly,1,24,"12,24,36",4,4,42,1,full,task1,raw_cosine,ndcg@15,129,0.1592618449432238,0.1228893813917171,0.1391531944890601,0.1811414789705771,0.3449612403100775,0.018983304935007,0.1592618449432238,0.331266149870801,0.0254985602443501
freqyearly__bins4__h4__seed42__pps1__regfull,results_ri_bins_sensitivity/yearly/freqyearly__bins4__h4__seed42__pps1__regfull,m3_yearly,yearly,1,24,"12,24,36",4,4,42,1,full,task1,raw_dtw,ndcg@15,129,0.1712192264792199,0.123331678924525,0.1504991767214449,0.1937415910742965,0.3728682170542636,0.021658384869742,0.1712192264792199,0.3622739018087855,0.0289157188338809
freqyearly__bins4__h4__seed42__pps1__regfull,results_ri_bins_sensitivity/yearly/freqyearly__bins4__h4__seed42__pps1__regfull,m3_yearly,yearly,1,24,"12,24,36",4,4,42,1,full,task1,raw_dtw+tsfel,ndcg@15,129,0.2055803914696767,0.1341191844118415,0.1823611816699858,0.2278873003739199,0.4217054263565892,0.0270785947489793,0.2055803914696767,0.40671834625323,0.0362547578243693
freqyearly__bins4__h4__seed42__pps1__regfull,results_ri_bins_sensitivity/yearly/freqyearly__bins4__h4__seed42__pps1__regfull,m3_yearly,yearly,1,24,"12,24,36",4,4,42,1,full,task1,tsfel,ndcg@15,129,0.2126676144140452,0.12948144450655,0.190570836917387,0.2365027869215354,0.4279069767441861,0.0275775663210711,0.2126676144140452,0.41343669250646,0.0370335514509677
freqyearly__bins4__h4__seed42__pps1__regfull,results_ri_bins_sensitivity/yearly/freqyearly__bins4__h4__seed42__pps1__regfull,m3_yearly,yearly,1,24,"12,24,36",4,4,42,1,full,task2,pattern_raw_cosine,ndcg@15,129,0.1614477653070223,0.1147690801352791,0.1431472733147029,0.1826305209515748,0.3294573643410852,0.0184420341867895,0.1614477653070223,0.3426356589147287,0.0261080933516431
freqyearly__bins4__h4__seed42__pps1__regfull,results_ri_bins_sensitivity/yearly/freqyearly__bins4__h4__seed42__pps1__regfull,m3_yearly,yearly,1,24,"12,24,36",4,4,42,1,full,task2,pattern_raw_cosine+pattern_tsfel,ndcg@15,129,0.1938737952495833,0.1377065957964707,0.1706365266796767,0.2171462798032786,0.3945736434108527,0.0239718059804387,0.1938737952495833,0.3875968992248062,0.0326217464833868
freqyearly__bins4__h4__seed42__pps1__regfull,results_ri_bins_sensitivity/yearly/freqyearly__bins4__h4__seed42__pps1__regfull,m3_yearly,yearly,1,24,"12,24,36",4,4,42,1,full,task2,pattern_raw_dtw,ndcg@15,129,0.168620880400398,0.1201964362063171,0.1475549900267393,0.1904661997766786,0.3441860465116279,0.0203577070235974,0.168620880400398,0.331266149870801,0.0269997798409981
freqyearly__bins4__h4__seed42__pps1__regfull,results_ri_bins_sensitivity/yearly/freqyearly__bins4__h4__seed42__pps1__regfull,m3_yearly,yearly,1,24,"12,24,36",4,4,42,1,full,task2,pattern_tsfel,ndcg@15,129,0.1983001511835773,0.1378125814743846,0.1744120900474643,0.2218271436290171,0.4007751937984495,0.0246600016651514,0.1983001511835773,0.4041343669250646,0.0347128835870657
freqyearly__bins4__h4__seed42__pps1__regfull,results_ri_bins_sensitivity/yearly/freqyearly__bins4__h4__seed42__pps1__regfull,m3_yearly,yearly,1,24,"12,24,36",4,4,42,1,full,task2,random,ndcg@15,129,0.1153875013804879,0.0634727682863967,0.1052296320250151,0.1267342240758133,0.2720930232558139,0.0117399209793101,0.1153875013804879,0.2770025839793282,0.016169515716245
freqyearly__bins4__h6__seed42__pps1__regfull,results_ri_bins_sensitivity/yearly/freqyearly__bins4__h6__seed42__pps1__regfull,m3_yearly,yearly,1,24,"12,24,36",4,6,42,1,full,task1,random,ndcg@10,129,0.1026348759320858,0.0824227107558452,0.0892728876527555,0.1169403067000139,0.2581395348837209,0.0114150656233357,0.1096780484111255,0.2568475452196382,0.0152324945337282
freqyearly__bins4__h6__seed42__pps1__regfull,results_ri_bins_sensitivity/yearly/freqyearly__bins4__h6__seed42__pps1__regfull,m3_yearly,yearly,1,24,"12,24,36",4,6,42,1,full,task1,raw_cosine,ndcg@10,129,0.1705987861669334,0.1378879354639775,0.1476792862274374,0.195738004622604,0.351937984496124,0.0211367387816529,0.1724115006312951,0.3395348837209302,0.0282507785361628
freqyearly__bins4__h6__seed42__pps1__regfull,results_ri_bins_sensitivity/yearly/freqyearly__bins4__h6__seed42__pps1__regfull,m3_yearly,yearly,1,24,"12,24,36",4,6,42,1,full,task1,raw_dtw,ndcg@10,129,0.1731018571252466,0.1515646968545589,0.146913710091543,0.1993848293978976,0.3666666666666667,0.0236979557434881,0.1751894993956159,0.3498708010335918,0.030916358133293
freqyearly__bins4__h6__seed42__pps1__regfull,results_ri_bins_sensitivity/yearly/freqyearly__bins4__h6__seed42__pps1__regfull,m3_yearly,yearly,1,24,"12,24,36",4,6,42,1,full,task1,raw_dtw+tsfel,ndcg@10,129,0.1916918780973616,0.1456856534564875,0.167396977143524,0.2167791465726806,0.4201550387596899,0.0272782390120696,0.1984015566000245,0.4134366925064599,0.0375010388477744
freqyearly__bins4__h6__seed42__pps1__regfull,results_ri_bins_sensitivity/yearly/freqyearly__bins4__h6__seed42__pps1__regfull,m3_yearly,yearly,1,24,"12,24,36",4,6,42,1,full,task1,tsfel,ndcg@10,129,0.1847335489978599,0.1410980680562698,0.1611564014270695,0.2108856479157488,0.4155038759689922,0.0262703033203643,0.196581601330653,0.4118863049095607,0.0361917148879268
freqyearly__bins4__h6__seed42__pps1__regfull,results_ri_bins_sensitivity/yearly/freqyearly__bins4__h6__seed42__pps1__regfull,m3_yearly,yearly,1,24,"12,24,36",4,6,42,1,full,task2,pattern_raw_cosine,ndcg@10,129,0.1540832918534003,0.127090528872043,0.1328120391627298,0.1760288571684654,0.3364341085271318,0.0202617884879702,0.1617271613147696,0.3297157622739018,0.0272034327929798
freqyearly__bins4__h6__seed42__pps1__regfull,results_ri_bins_sensitivity/yearly/freqyearly__bins4__h6__seed42__pps1__regfull,m3_yearly,yearly,1,24,"12,24,36",4,6,42,1,full,task2,pattern_raw_cosine+pattern_tsfel,ndcg@10,129,0.187968885670897,0.1328415730365355,0.1651655801254936,0.2103390329159083,0.4116279069767441,0.0264883127774721,0.1960459977730307,0.4031007751937984,0.0358999186397009
freqyearly__bins4__h6__seed42__pps1__regfull,results_ri_bins_sensitivity/yearly/freqyearly__bins4__h6__seed42__pps1__regfull,m3_yearly,yearly,1,24,"12,24,36",4,6,42,1,full,task2,pattern_raw_dtw,ndcg@10,129,0.1558656405434953,0.1281164705755139,0.1329205427163491,0.1779214995464502,0.3341085271317829,0.0205134006775749,0.1636867312267302,0.3322997416020672,0.0276419578689127
freqyearly__bins4__h6__seed42__pps1__regfull,results_ri_bins_sensitivity/yearly/freqyearly__bins4__h6__seed42__pps1__regfull,m3_yearly,yearly,1,24,"12,24,36",4,6,42,1,full,task2,pattern_tsfel,ndcg@10,129,0.1808831997393563,0.1326917517201743,0.1596605074653993,0.2034933773626887,0.4108527131782946,0.025108410188389,0.1912441854231534,0.4015503875968992,0.0341611493078382
freqyearly__bins4__h6__seed42__pps1__regfull,results_ri_bins_sensitivity/yearly/freqyearly__bins4__h6__seed42__pps1__regfull,m3_yearly,yearly,1,24,"12,24,36",4,6,42,1,full,task2,random,ndcg@10,129,0.0969498669731396,0.0717639607600502,0.084761598485053,0.109864531351968,0.2627906976744186,0.0116599836349932,0.1067780787019092,0.2630490956072351,0.0155317009909926
freqyearly__bins4__h6__seed42__pps1__regfull,results_ri_bins_sensitivity/yearly/freqyearly__bins4__h6__seed42__pps1__regfull,m3_yearly,yearly,1,24,"12,24,36",4,6,42,1,full,task1,random,ndcg@15,129,0.1096780484111255,0.0706162323590137,0.0980735581645642,0.121344195006588,0.2581395348837209,0.0114150656233357,0.1096780484111255,0.2568475452196382,0.0152324945337282
freqyearly__bins4__h6__seed42__pps1__regfull,results_ri_bins_sensitivity/yearly/freqyearly__bins4__h6__seed42__pps1__regfull,m3_yearly,yearly,1,24,"12,24,36",4,6,42,1,full,task1,raw_cosine,ndcg@15,129,0.1724115006312951,0.1243019707285808,0.1517685136048786,0.1945113916294017,0.351937984496124,0.0211367387816529,0.1724115006312951,0.3395348837209302,0.0282507785361628
freqyearly__bins4__h6__seed42__pps1__regfull,results_ri_bins_sensitivity/yearly/freqyearly__bins4__h6__seed42__pps1__regfull,m3_yearly,yearly,1,24,"12,24,36",4,6,42,1,full,task1,raw_dtw,ndcg@15,129,0.1751894993956159,0.1355708974808032,0.1522367463024758,0.1987289192669074,0.3666666666666667,0.0236979557434881,0.1751894993956159,0.3498708010335918,0.030916358133293
freqyearly__bins4__h6__seed42__pps1__regfull,results_ri_bins_sensitivity/yearly/freqyearly__bins4__h6__seed42__pps1__regfull,m3_yearly,yearly,1,24,"12,24,36",4,6,42,1,full,task1,raw_dtw+tsfel,ndcg@15,129,0.1984015566000245,0.1365203176297056,0.1756502560237132,0.2224021591860955,0.4201550387596899,0.0272782390120696,0.1984015566000245,0.4134366925064599,0.0375010388477744
freqyearly__bins4__h6__seed42__pps1__regfull,results_ri_bins_sensitivity/yearly/freqyearly__bins4__h6__seed42__pps1__regfull,m3_yearly,yearly,1,24,"12,24,36",4,6,42,1,full,task1,tsfel,ndcg@15,129,0.196581601330653,0.1337408872553293,0.1739094556788175,0.2206497399692675,0.4155038759689922,0.0262703033203643,0.196581601330653,0.4118863049095607,0.0361917148879268
freqyearly__bins4__h6__seed42__pps1__regfull,results_ri_bins_sensitivity/yearly/freqyearly__bins4__h6__seed42__pps1__regfull,m3_yearly,yearly,1,24,"12,24,36",4,6,42,1,full,task2,pattern_raw_cosine,ndcg@15,129,0.1617271613147696,0.120915372541916,0.1404785993490073,0.1828595298248607,0.3364341085271318,0.0202617884879702,0.1617271613147696,0.3297157622739018,0.0272034327929798
freqyearly__bins4__h6__seed42__pps1__regfull,results_ri_bins_sensitivity/yearly/freqyearly__bins4__h6__seed42__pps1__regfull,m3_yearly,yearly,1,24,"12,24,36",4,6,42,1,full,task2,pattern_raw_cosine+pattern_tsfel,ndcg@15,129,0.1960459977730307,0.1269744289285515,0.1745297317817965,0.2172344937584235,0.4116279069767441,0.0264883127774721,0.1960459977730307,0.4031007751937984,0.0358999186397009
freqyearly__bins4__h6__seed42__pps1__regfull,results_ri_bins_sensitivity/yearly/freqyearly__bins4__h6__seed42__pps1__regfull,m3_yearly,yearly,1,24,"12,24,36",4,6,42,1,full,task2,pattern_raw_dtw,ndcg@15,129,0.1636867312267302,0.1232605237431715,0.142432092881452,0.1855688470216589,0.3341085271317829,0.0205134006775749,0.1636867312267302,0.3322997416020672,0.0276419578689127
freqyearly__bins4__h6__seed42__pps1__regfull,results_ri_bins_sensitivity/yearly/freqyearly__bins4__h6__seed42__pps1__regfull,m3_yearly,yearly,1,24,"12,24,36",4,6,42,1,full,task2,pattern_tsfel,ndcg@15,129,0.1912441854231534,0.1212457898810382,0.1724315859932603,0.2115393343786739,0.4108527131782946,0.025108410188389,0.1912441854231534,0.4015503875968992,0.0341611493078382
freqyearly__bins4__h6__seed42__pps1__regfull,results_ri_bins_sensitivity/yearly/freqyearly__bins4__h6__seed42__pps1__regfull,m3_yearly,yearly,1,24,"12,24,36",4,6,42,1,full,task2,random,ndcg@15,129,0.1067780787019092,0.0650084616638546,0.0959059826121609,0.1182379838002351,0.2627906976744186,0.0116599836349932,0.1067780787019092,0.2630490956072351,0.0155317009909926
