experiment,system,comparison,approach,pattern_len,frequency,qrels_n_bins,forecast_h,patterns_per_series,regime_definition,ndcg@10_mean,ndcg@10_std,ndcg@10_min,ndcg@10_max,ndcg@10_count,ap@10_mean,ap@10_std,ap@10_min,ap@10_max,ap@10_count,p@10_mean,p@10_std,p@10_min,p@10_max,p@10_count,ndcg@15_mean,ndcg@15_std,ndcg@15_min,ndcg@15_max,ndcg@15_count,ap@15_mean,ap@15_std,ap@15_min,ap@15_max,ap@15_count,p@15_mean,p@15_std,p@15_min,p@15_max,p@15_count
exp1_pattern_main,pattern_raw_cosine,,,24,quarterly,2,2,1,full,0.3154479009386773,,0.3154479009386773,0.3154479009386773,1,0.018874982961209562,,0.018874982961209562,0.018874982961209562,1,0.5980132450331126,,0.5980132450331126,0.5980132450331126,1,0.31442708261931146,,0.31442708261931146,0.31442708261931146,1,0.027532798379783247,,0.027532798379783247,0.027532798379783247,1,0.6066225165562914,,0.6066225165562914,0.6066225165562914,1
exp1_pattern_main,pattern_raw_cosine,,,24,quarterly,2,4,1,full,0.29322580039032337,,0.29322580039032337,0.29322580039032337,1,0.019283312167091365,,0.019283312167091365,0.019283312167091365,1,0.613907284768212,,0.613907284768212,0.613907284768212,1,0.2859926769048483,,0.2859926769048483,0.2859926769048483,1,0.02702320128078745,,0.02702320128078745,0.02702320128078745,1,0.5991169977924945,,0.5991169977924945,0.5991169977924945,1
exp1_pattern_main,pattern_raw_cosine,,,24,quarterly,2,8,1,full,0.292576833679699,,0.292576833679699,0.292576833679699,1,0.017951666511208518,,0.017951666511208518,0.017951666511208518,1,0.5860927152317881,,0.5860927152317881,0.5860927152317881,1,0.2916413995543685,,0.2916413995543685,0.2916413995543685,1,0.025551738827338834,,0.025551738827338834,0.025551738827338834,1,0.5827814569536424,,0.5827814569536424,0.5827814569536424,1
exp1_pattern_main,pattern_raw_cosine,,,24,quarterly,3,2,1,full,0.2232505191570691,,0.2232505191570691,0.2232505191570691,1,0.0186667715138796,,0.0186667715138796,0.0186667715138796,1,0.4390728476821193,,0.4390728476821193,0.4390728476821193,1,0.22504617695463414,,0.22504617695463414,0.22504617695463414,1,0.026560642704865314,,0.026560642704865314,0.026560642704865314,1,0.45033112582781465,,0.45033112582781465,0.45033112582781465,1
exp1_pattern_main,pattern_raw_cosine,,,24,quarterly,3,4,1,full,0.20744313927110267,,0.20744313927110267,0.20744313927110267,1,0.018605284105950727,,0.018605284105950727,0.018605284105950727,1,0.4423841059602648,,0.4423841059602648,0.4423841059602648,1,0.20370191037597432,,0.20370191037597432,0.20370191037597432,1,0.025051828026728073,,0.025051828026728073,0.025051828026728073,1,0.42693156732891835,,0.42693156732891835,0.42693156732891835,1
exp1_pattern_main,pattern_raw_cosine,,,24,quarterly,3,8,1,full,0.1941551956246306,,0.1941551956246306,0.1941551956246306,1,0.016600700525607946,,0.016600700525607946,0.016600700525607946,1,0.4086092715231789,,0.4086092715231789,0.4086092715231789,1,0.19827648673685008,,0.19827648673685008,0.19827648673685008,1,0.02314299476062613,,0.02314299476062613,0.02314299476062613,1,0.4128035320088301,,0.4128035320088301,0.4128035320088301,1
exp1_pattern_main,pattern_raw_cosine,,,24,quarterly,4,2,1,full,0.16630320262649642,,0.16630320262649642,0.16630320262649642,1,0.017023098129620478,,0.017023098129620478,0.017023098129620478,1,0.3350993377483444,,0.3350993377483444,0.3350993377483444,1,0.17054384130167594,,0.17054384130167594,0.17054384130167594,1,0.02394524840767164,,0.02394524840767164,0.02394524840767164,1,0.34481236203090504,,0.34481236203090504,0.34481236203090504,1
exp1_pattern_main,pattern_raw_cosine,,,24,quarterly,4,4,1,full,0.16268774206296802,,0.16268774206296802,0.16268774206296802,1,0.016838177693461725,,0.016838177693461725,0.016838177693461725,1,0.3423841059602649,,0.3423841059602649,0.3423841059602649,1,0.1614755343810669,,0.1614755343810669,0.1614755343810669,1,0.021986500450789558,,0.021986500450789558,0.021986500450789558,1,0.32406181015452534,,0.32406181015452534,0.32406181015452534,1
exp1_pattern_main,pattern_raw_cosine,,,24,quarterly,4,8,1,full,0.1523177591643151,,0.1523177591643151,0.1523177591643151,1,0.016347596519550974,,0.016347596519550974,0.016347596519550974,1,0.3211920529801324,,0.3211920529801324,0.3211920529801324,1,0.1588801978445369,,0.1588801978445369,0.1588801978445369,1,0.022004715839812367,,0.022004715839812367,0.022004715839812367,1,0.3183222958057395,,0.3183222958057395,0.3183222958057395,1
exp1_pattern_main,pattern_raw_cosine+pattern_tsfel,,,24,quarterly,2,2,1,full,0.3839035268901191,,0.3839035268901191,0.3839035268901191,1,0.025494058297124502,,0.025494058297124502,0.025494058297124502,1,0.7410596026490066,,0.7410596026490066,0.7410596026490066,1,0.3765791341818345,,0.3765791341818345,0.3765791341818345,1,0.03679844616942872,,0.03679844616942872,0.03679844616942872,1,0.7315673289183223,,0.7315673289183223,0.7315673289183223,1
exp1_pattern_main,pattern_raw_cosine+pattern_tsfel,,,24,quarterly,2,4,1,full,0.34728545801211175,,0.34728545801211175,0.34728545801211175,1,0.025185865057854608,,0.025185865057854608,0.025185865057854608,1,0.7324503311258278,,0.7324503311258278,0.7324503311258278,1,0.34707476494337625,,0.34707476494337625,0.34707476494337625,1,0.03639558771568113,,0.03639558771568113,0.03639558771568113,1,0.7209713024282561,,0.7209713024282561,0.7209713024282561,1
exp1_pattern_main,pattern_raw_cosine+pattern_tsfel,,,24,quarterly,2,8,1,full,0.36501643944860157,,0.36501643944860157,0.36501643944860157,1,0.024383243172964503,,0.024383243172964503,0.024383243172964503,1,0.7139072847682119,,0.7139072847682119,0.7139072847682119,1,0.3581652988540794,,0.3581652988540794,0.3581652988540794,1,0.035528917587382684,,0.035528917587382684,0.035528917587382684,1,0.7152317880794702,,0.7152317880794702,0.7152317880794702,1
exp1_pattern_main,pattern_raw_cosine+pattern_tsfel,,,24,quarterly,3,2,1,full,0.27678344640579106,,0.27678344640579106,0.27678344640579106,1,0.0261034632540846,,0.0261034632540846,0.0261034632540846,1,0.5629139072847682,,0.5629139072847682,0.5629139072847682,1,0.2709031402293195,,0.2709031402293195,0.2709031402293195,1,0.035831534747419465,,0.035831534747419465,0.035831534747419465,1,0.5364238410596026,,0.5364238410596026,0.5364238410596026,1
exp1_pattern_main,pattern_raw_cosine+pattern_tsfel,,,24,quarterly,3,4,1,full,0.26303410380307396,,0.26303410380307396,0.26303410380307396,1,0.026694557486519464,,0.026694557486519464,0.026694557486519464,1,0.5741721854304636,,0.5741721854304636,0.5741721854304636,1,0.26373470673303695,,0.26373470673303695,0.26373470673303695,1,0.03777481255672504,,0.03777481255672504,0.03777481255672504,1,0.5584988962472407,,0.5584988962472407,0.5584988962472407,1
exp1_pattern_main,pattern_raw_cosine+pattern_tsfel,,,24,quarterly,3,8,1,full,0.2713019033237863,,0.2713019033237863,0.2713019033237863,1,0.026410446089163337,,0.026410446089163337,0.026410446089163337,1,0.566887417218543,,0.566887417218543,0.566887417218543,1,0.27165458855783015,,0.27165458855783015,0.27165458855783015,1,0.03788474810930954,,0.03788474810930954,0.03788474810930954,1,0.5660044150110375,,0.5660044150110375,0.5660044150110375,1
exp1_pattern_main,pattern_raw_cosine+pattern_tsfel,,,24,quarterly,4,2,1,full,0.22222658997997546,,0.22222658997997546,0.22222658997997546,1,0.025683125262280546,,0.025683125262280546,0.025683125262280546,1,0.4503311258278146,,0.4503311258278146,0.4503311258278146,1,0.22148124237930267,,0.22148124237930267,0.22148124237930267,1,0.0350029179488196,,0.0350029179488196,0.0350029179488196,1,0.4357615894039736,,0.4357615894039736,0.4357615894039736,1
exp1_pattern_main,pattern_raw_cosine+pattern_tsfel,,,24,quarterly,4,4,1,full,0.19661212708334125,,0.19661212708334125,0.19661212708334125,1,0.025453929202865617,,0.025453929202865617,0.025453929202865617,1,0.4403973509933774,,0.4403973509933774,0.4403973509933774,1,0.20270755131368406,,0.20270755131368406,0.20270755131368406,1,0.0358079324254654,,0.0358079324254654,0.0358079324254654,1,0.4384105960264901,,0.4384105960264901,0.4384105960264901,1
exp1_pattern_main,pattern_raw_cosine+pattern_tsfel,,,24,quarterly,4,8,1,full,0.21855984426561623,,0.21855984426561623,0.21855984426561623,1,0.02636770612814374,,0.02636770612814374,0.02636770612814374,1,0.4609271523178808,,0.4609271523178808,0.4609271523178808,1,0.22397535679979033,,0.22397535679979033,0.22397535679979033,1,0.03725397823852201,,0.03725397823852201,0.03725397823852201,1,0.4573951434878588,,0.4573951434878588,0.4573951434878588,1
exp1_pattern_main,pattern_raw_dtw,,,24,quarterly,2,2,1,full,0.3385820524192684,,0.3385820524192684,0.3385820524192684,1,0.021331210425130313,,0.021331210425130313,0.021331210425130313,1,0.6490066225165563,,0.6490066225165563,0.6490066225165563,1,0.33182696513892207,,0.33182696513892207,0.33182696513892207,1,0.03068132763696329,,0.03068132763696329,0.03068132763696329,1,0.644150110375276,,0.644150110375276,0.644150110375276,1
exp1_pattern_main,pattern_raw_dtw,,,24,quarterly,2,4,1,full,0.3040311739508287,,0.3040311739508287,0.3040311739508287,1,0.019776601608616568,,0.019776601608616568,0.019776601608616568,1,0.6238410596026489,,0.6238410596026489,0.6238410596026489,1,0.29698292716629443,,0.29698292716629443,0.29698292716629443,1,0.02816878575148147,,0.02816878575148147,0.02816878575148147,1,0.6176600441501103,,0.6176600441501103,0.6176600441501103,1
exp1_pattern_main,pattern_raw_dtw,,,24,quarterly,2,8,1,full,0.2974118120101634,,0.2974118120101634,0.2974118120101634,1,0.018549727023478412,,0.018549727023478412,0.018549727023478412,1,0.609271523178808,,0.609271523178808,0.609271523178808,1,0.2939098936380447,,0.2939098936380447,0.2939098936380447,1,0.026875359609074518,,0.026875359609074518,0.026875359609074518,1,0.61280353200883,,0.61280353200883,0.61280353200883,1
exp1_pattern_main,pattern_raw_dtw,,,24,quarterly,3,2,1,full,0.24150697518809922,,0.24150697518809922,0.24150697518809922,1,0.021511424812652974,,0.021511424812652974,0.021511424812652974,1,0.4940397350993377,,0.4940397350993377,0.4940397350993377,1,0.23971279615645844,,0.23971279615645844,0.23971279615645844,1,0.030072458070846176,,0.030072458070846176,0.030072458070846176,1,0.48653421633554084,,0.48653421633554084,0.48653421633554084,1
exp1_pattern_main,pattern_raw_dtw,,,24,quarterly,3,4,1,full,0.21819311097812452,,0.21819311097812452,0.21819311097812452,1,0.01934673632667818,,0.01934673632667818,0.01934673632667818,1,0.45827814569536424,,0.45827814569536424,0.45827814569536424,1,0.217654196636502,,0.217654196636502,0.217654196636502,1,0.026592681819406515,,0.026592681819406515,0.026592681819406515,1,0.44856512141280364,,0.44856512141280364,0.44856512141280364,1
exp1_pattern_main,pattern_raw_dtw,,,24,quarterly,3,8,1,full,0.20106670934426604,,0.20106670934426604,0.20106670934426604,1,0.017769738186284276,,0.017769738186284276,0.017769738186284276,1,0.43841059602649,,0.43841059602649,0.43841059602649,1,0.19945640753667118,,0.19945640753667118,0.19945640753667118,1,0.02459205375396287,,0.02459205375396287,0.02459205375396287,1,0.43222958057395144,,0.43222958057395144,0.43222958057395144,1
exp1_pattern_main,pattern_raw_dtw,,,24,quarterly,4,2,1,full,0.17485704953789627,,0.17485704953789627,0.17485704953789627,1,0.01887522199832085,,0.01887522199832085,0.01887522199832085,1,0.3596026490066225,,0.3596026490066225,0.3596026490066225,1,0.17832056312381353,,0.17832056312381353,0.17832056312381353,1,0.02565114844561401,,0.02565114844561401,0.02565114844561401,1,0.3562913907284768,,0.3562913907284768,0.3562913907284768,1
exp1_pattern_main,pattern_raw_dtw,,,24,quarterly,4,4,1,full,0.17019359641033058,,0.17019359641033058,0.17019359641033058,1,0.017943819372799232,,0.017943819372799232,0.017943819372799232,1,0.3443708609271523,,0.3443708609271523,0.3443708609271523,1,0.16983047915174446,,0.16983047915174446,0.16983047915174446,1,0.023502994672735707,,0.023502994672735707,0.023502994672735707,1,0.3275938189845475,,0.3275938189845475,0.3275938189845475,1
exp1_pattern_main,pattern_raw_dtw,,,24,quarterly,4,8,1,full,0.15127286525412123,,0.15127286525412123,0.15127286525412123,1,0.016294517680963974,,0.016294517680963974,0.016294517680963974,1,0.32913907284768207,,0.32913907284768207,0.32913907284768207,1,0.1551156753399142,,0.1551156753399142,0.1551156753399142,1,0.021976979631079526,,0.021976979631079526,0.021976979631079526,1,0.32317880794701986,,0.32317880794701986,0.32317880794701986,1
exp1_pattern_main,pattern_tsfel,,,24,quarterly,2,2,1,full,0.3839035268901191,,0.3839035268901191,0.3839035268901191,1,0.025494058297124502,,0.025494058297124502,0.025494058297124502,1,0.7410596026490066,,0.7410596026490066,0.7410596026490066,1,0.3765791341818345,,0.3765791341818345,0.3765791341818345,1,0.03679844616942872,,0.03679844616942872,0.03679844616942872,1,0.7315673289183223,,0.7315673289183223,0.7315673289183223,1
exp1_pattern_main,pattern_tsfel,,,24,quarterly,2,4,1,full,0.34728545801211175,,0.34728545801211175,0.34728545801211175,1,0.025185865057854608,,0.025185865057854608,0.025185865057854608,1,0.7324503311258278,,0.7324503311258278,0.7324503311258278,1,0.34707476494337625,,0.34707476494337625,0.34707476494337625,1,0.03639558771568113,,0.03639558771568113,0.03639558771568113,1,0.7209713024282561,,0.7209713024282561,0.7209713024282561,1
exp1_pattern_main,pattern_tsfel,,,24,quarterly,2,8,1,full,0.3738641810615576,,0.3738641810615576,0.3738641810615576,1,0.025055469266503764,,0.025055469266503764,0.025055469266503764,1,0.7317880794701986,,0.7317880794701986,0.7317880794701986,1,0.371585008025751,,0.371585008025751,0.371585008025751,1,0.03684390331627249,,0.03684390331627249,0.03684390331627249,1,0.7333333333333334,,0.7333333333333334,0.7333333333333334,1
exp1_pattern_main,pattern_tsfel,,,24,quarterly,3,2,1,full,0.27678344640579106,,0.27678344640579106,0.27678344640579106,1,0.0261034632540846,,0.0261034632540846,0.0261034632540846,1,0.5629139072847682,,0.5629139072847682,0.5629139072847682,1,0.2709031402293195,,0.2709031402293195,0.2709031402293195,1,0.035831534747419465,,0.035831534747419465,0.035831534747419465,1,0.5364238410596026,,0.5364238410596026,0.5364238410596026,1
exp1_pattern_main,pattern_tsfel,,,24,quarterly,3,4,1,full,0.26303410380307396,,0.26303410380307396,0.26303410380307396,1,0.026694557486519464,,0.026694557486519464,0.026694557486519464,1,0.5741721854304636,,0.5741721854304636,0.5741721854304636,1,0.26373470673303695,,0.26373470673303695,0.26373470673303695,1,0.03777481255672504,,0.03777481255672504,0.03777481255672504,1,0.5584988962472407,,0.5584988962472407,0.5584988962472407,1
exp1_pattern_main,pattern_tsfel,,,24,quarterly,3,8,1,full,0.2673094784386866,,0.2673094784386866,0.2673094784386866,1,0.026216468864465783,,0.026216468864465783,0.026216468864465783,1,0.5701986754966887,,0.5701986754966887,0.5701986754966887,1,0.2724546947004991,,0.2724546947004991,0.2724546947004991,1,0.038288459347161366,,0.038288459347161366,0.038288459347161366,1,0.5779249448123621,,0.5779249448123621,0.5779249448123621,1
exp1_pattern_main,pattern_tsfel,,,24,quarterly,4,2,1,full,0.21939457429535844,,0.21939457429535844,0.21939457429535844,1,0.025859365021841017,,0.025859365021841017,0.025859365021841017,1,0.45496688741721847,,0.45496688741721847,0.45496688741721847,1,0.2213236479495638,,0.2213236479495638,0.2213236479495638,1,0.03560583103017229,,0.03560583103017229,0.03560583103017229,1,0.44326710816777043,,0.44326710816777043,0.44326710816777043,1
exp1_pattern_main,pattern_tsfel,,,24,quarterly,4,4,1,full,0.19661212708334125,,0.19661212708334125,0.19661212708334125,1,0.025453929202865617,,0.025453929202865617,0.025453929202865617,1,0.4403973509933774,,0.4403973509933774,0.4403973509933774,1,0.20270755131368406,,0.20270755131368406,0.20270755131368406,1,0.0358079324254654,,0.0358079324254654,0.0358079324254654,1,0.4384105960264901,,0.4384105960264901,0.4384105960264901,1
exp1_pattern_main,pattern_tsfel,,,24,quarterly,4,8,1,full,0.21855984426561623,,0.21855984426561623,0.21855984426561623,1,0.02636770612814374,,0.02636770612814374,0.02636770612814374,1,0.4609271523178808,,0.4609271523178808,0.4609271523178808,1,0.22397535679979033,,0.22397535679979033,0.22397535679979033,1,0.03725397823852201,,0.03725397823852201,0.03725397823852201,1,0.4573951434878588,,0.4573951434878588,0.4573951434878588,1
exp1_pattern_main,random,,,24,quarterly,2,2,1,full,0.2450658820282552,,0.2450658820282552,0.2450658820282552,1,0.014833904279682337,,0.014833904279682337,0.014833904279682337,1,0.5503311258278146,,0.5503311258278146,0.5503311258278146,1,0.24722960654816076,,0.24722960654816076,0.24722960654816076,1,0.02139697198041314,,0.02139697198041314,0.02139697198041314,1,0.5523178807947019,,0.5523178807947019,0.5523178807947019,1
exp1_pattern_main,random,,,24,quarterly,2,4,1,full,0.21752786360534887,,0.21752786360534887,0.21752786360534887,1,0.014068681502421217,,0.014068681502421217,0.014068681502421217,1,0.5278145695364238,,0.5278145695364238,0.5278145695364238,1,0.2172180772342291,,0.2172180772342291,0.2172180772342291,1,0.02011877160395591,,0.02011877160395591,0.02011877160395591,1,0.5306843267108168,,0.5306843267108168,0.5306843267108168,1
exp1_pattern_main,random,,,24,quarterly,2,8,1,full,0.23870244389858708,,0.23870244389858708,0.23870244389858708,1,0.014130500235490135,,0.014130500235490135,0.014130500235490135,1,0.533112582781457,,0.533112582781457,0.533112582781457,1,0.23558798850505508,,0.23558798850505508,0.23558798850505508,1,0.020279827531358426,,0.020279827531358426,0.020279827531358426,1,0.5368653421633554,,0.5368653421633554,0.5368653421633554,1
exp1_pattern_main,random,,,24,quarterly,3,2,1,full,0.1535639147719045,,0.1535639147719045,0.1535639147719045,1,0.011554482107473693,,0.011554482107473693,0.011554482107473693,1,0.36490066225165557,,0.36490066225165557,0.36490066225165557,1,0.15636103867296283,,0.15636103867296283,0.15636103867296283,1,0.015913644684562175,,0.015913644684562175,0.015913644684562175,1,0.3602649006622516,,0.3602649006622516,0.3602649006622516,1
exp1_pattern_main,random,,,24,quarterly,3,4,1,full,0.12850202474436354,,0.12850202474436354,0.12850202474436354,1,0.01101860197554642,,0.01101860197554642,0.01101860197554642,1,0.35165562913907283,,0.35165562913907283,0.35165562913907283,1,0.1342510135889982,,0.1342510135889982,0.1342510135889982,1,0.015279460334484926,,0.015279460334484926,0.015279460334484926,1,0.35143487858719646,,0.35143487858719646,0.35143487858719646,1
exp1_pattern_main,random,,,24,quarterly,3,8,1,full,0.1447973074271194,,0.1447973074271194,0.1447973074271194,1,0.011169313412039625,,0.011169313412039625,0.011169313412039625,1,0.3536423841059602,,0.3536423841059602,0.3536423841059602,1,0.14755498815895354,,0.14755498815895354,0.14755498815895354,1,0.015387554322649941,,0.015387554322649941,0.015387554322649941,1,0.3523178807947019,,0.3523178807947019,0.3523178807947019,1
exp1_pattern_main,random,,,24,quarterly,4,2,1,full,0.11433837308095311,,0.11433837308095311,0.11433837308095311,1,0.009655095400548243,,0.009655095400548243,0.009655095400548243,1,0.2589403973509934,,0.2589403973509934,0.2589403973509934,1,0.12053244797096714,,0.12053244797096714,0.12053244797096714,1,0.01288418423541368,,0.01288418423541368,0.01288418423541368,1,0.260485651214128,,0.260485651214128,0.260485651214128,1
exp1_pattern_main,random,,,24,quarterly,4,4,1,full,0.09249155724931415,,0.09249155724931415,0.09249155724931415,1,0.009465297172157107,,0.009465297172157107,0.009465297172157107,1,0.2503311258278145,,0.2503311258278145,0.2503311258278145,1,0.10252896046715042,,0.10252896046715042,0.10252896046715042,1,0.012854604770907224,,0.012854604770907224,0.012854604770907224,1,0.25783664459161143,,0.25783664459161143,0.25783664459161143,1
exp1_pattern_main,random,,,24,quarterly,4,8,1,full,0.1071181020549998,,0.1071181020549998,0.1071181020549998,1,0.010399771823164485,,0.010399771823164485,0.010399771823164485,1,0.2708609271523179,,0.2708609271523179,0.2708609271523179,1,0.11058738138300546,,0.11058738138300546,0.11058738138300546,1,0.013699597483344437,,0.013699597483344437,0.013699597483344437,1,0.26490066225165554,,0.26490066225165554,0.26490066225165554,1
exp2_whole_vs_pattern,pattern_raw_cosine,cosine,pattern,24,quarterly,2,2,1,full,0.3154479009386773,,0.3154479009386773,0.3154479009386773,1,0.018874982961209562,,0.018874982961209562,0.018874982961209562,1,0.5980132450331126,,0.5980132450331126,0.5980132450331126,1,0.31442708261931146,,0.31442708261931146,0.31442708261931146,1,0.027532798379783247,,0.027532798379783247,0.027532798379783247,1,0.6066225165562914,,0.6066225165562914,0.6066225165562914,1
exp2_whole_vs_pattern,pattern_raw_cosine,cosine,pattern,24,quarterly,2,4,1,full,0.29322580039032337,,0.29322580039032337,0.29322580039032337,1,0.019283312167091365,,0.019283312167091365,0.019283312167091365,1,0.613907284768212,,0.613907284768212,0.613907284768212,1,0.2859926769048483,,0.2859926769048483,0.2859926769048483,1,0.02702320128078745,,0.02702320128078745,0.02702320128078745,1,0.5991169977924945,,0.5991169977924945,0.5991169977924945,1
exp2_whole_vs_pattern,pattern_raw_cosine,cosine,pattern,24,quarterly,2,8,1,full,0.292576833679699,,0.292576833679699,0.292576833679699,1,0.017951666511208518,,0.017951666511208518,0.017951666511208518,1,0.5860927152317881,,0.5860927152317881,0.5860927152317881,1,0.2916413995543685,,0.2916413995543685,0.2916413995543685,1,0.025551738827338834,,0.025551738827338834,0.025551738827338834,1,0.5827814569536424,,0.5827814569536424,0.5827814569536424,1
exp2_whole_vs_pattern,pattern_raw_cosine,cosine,pattern,24,quarterly,3,2,1,full,0.2232505191570691,,0.2232505191570691,0.2232505191570691,1,0.0186667715138796,,0.0186667715138796,0.0186667715138796,1,0.4390728476821193,,0.4390728476821193,0.4390728476821193,1,0.22504617695463414,,0.22504617695463414,0.22504617695463414,1,0.026560642704865314,,0.026560642704865314,0.026560642704865314,1,0.45033112582781465,,0.45033112582781465,0.45033112582781465,1
exp2_whole_vs_pattern,pattern_raw_cosine,cosine,pattern,24,quarterly,3,4,1,full,0.20744313927110267,,0.20744313927110267,0.20744313927110267,1,0.018605284105950727,,0.018605284105950727,0.018605284105950727,1,0.4423841059602648,,0.4423841059602648,0.4423841059602648,1,0.20370191037597432,,0.20370191037597432,0.20370191037597432,1,0.025051828026728073,,0.025051828026728073,0.025051828026728073,1,0.42693156732891835,,0.42693156732891835,0.42693156732891835,1
exp2_whole_vs_pattern,pattern_raw_cosine,cosine,pattern,24,quarterly,3,8,1,full,0.1941551956246306,,0.1941551956246306,0.1941551956246306,1,0.016600700525607946,,0.016600700525607946,0.016600700525607946,1,0.4086092715231789,,0.4086092715231789,0.4086092715231789,1,0.19827648673685008,,0.19827648673685008,0.19827648673685008,1,0.02314299476062613,,0.02314299476062613,0.02314299476062613,1,0.4128035320088301,,0.4128035320088301,0.4128035320088301,1
exp2_whole_vs_pattern,pattern_raw_cosine,cosine,pattern,24,quarterly,4,2,1,full,0.16630320262649642,,0.16630320262649642,0.16630320262649642,1,0.017023098129620478,,0.017023098129620478,0.017023098129620478,1,0.3350993377483444,,0.3350993377483444,0.3350993377483444,1,0.17054384130167594,,0.17054384130167594,0.17054384130167594,1,0.02394524840767164,,0.02394524840767164,0.02394524840767164,1,0.34481236203090504,,0.34481236203090504,0.34481236203090504,1
exp2_whole_vs_pattern,pattern_raw_cosine,cosine,pattern,24,quarterly,4,4,1,full,0.16268774206296802,,0.16268774206296802,0.16268774206296802,1,0.016838177693461725,,0.016838177693461725,0.016838177693461725,1,0.3423841059602649,,0.3423841059602649,0.3423841059602649,1,0.1614755343810669,,0.1614755343810669,0.1614755343810669,1,0.021986500450789558,,0.021986500450789558,0.021986500450789558,1,0.32406181015452534,,0.32406181015452534,0.32406181015452534,1
exp2_whole_vs_pattern,pattern_raw_cosine,cosine,pattern,24,quarterly,4,8,1,full,0.1523177591643151,,0.1523177591643151,0.1523177591643151,1,0.016347596519550974,,0.016347596519550974,0.016347596519550974,1,0.3211920529801324,,0.3211920529801324,0.3211920529801324,1,0.1588801978445369,,0.1588801978445369,0.1588801978445369,1,0.022004715839812367,,0.022004715839812367,0.022004715839812367,1,0.3183222958057395,,0.3183222958057395,0.3183222958057395,1
exp2_whole_vs_pattern,pattern_raw_dtw,dtw,pattern,24,quarterly,2,2,1,full,0.3385820524192684,,0.3385820524192684,0.3385820524192684,1,0.021331210425130313,,0.021331210425130313,0.021331210425130313,1,0.6490066225165563,,0.6490066225165563,0.6490066225165563,1,0.33182696513892207,,0.33182696513892207,0.33182696513892207,1,0.03068132763696329,,0.03068132763696329,0.03068132763696329,1,0.644150110375276,,0.644150110375276,0.644150110375276,1
exp2_whole_vs_pattern,pattern_raw_dtw,dtw,pattern,24,quarterly,2,4,1,full,0.3040311739508287,,0.3040311739508287,0.3040311739508287,1,0.019776601608616568,,0.019776601608616568,0.019776601608616568,1,0.6238410596026489,,0.6238410596026489,0.6238410596026489,1,0.29698292716629443,,0.29698292716629443,0.29698292716629443,1,0.02816878575148147,,0.02816878575148147,0.02816878575148147,1,0.6176600441501103,,0.6176600441501103,0.6176600441501103,1
exp2_whole_vs_pattern,pattern_raw_dtw,dtw,pattern,24,quarterly,2,8,1,full,0.2974118120101634,,0.2974118120101634,0.2974118120101634,1,0.018549727023478412,,0.018549727023478412,0.018549727023478412,1,0.609271523178808,,0.609271523178808,0.609271523178808,1,0.2939098936380447,,0.2939098936380447,0.2939098936380447,1,0.026875359609074518,,0.026875359609074518,0.026875359609074518,1,0.61280353200883,,0.61280353200883,0.61280353200883,1
exp2_whole_vs_pattern,pattern_raw_dtw,dtw,pattern,24,quarterly,3,2,1,full,0.24150697518809922,,0.24150697518809922,0.24150697518809922,1,0.021511424812652974,,0.021511424812652974,0.021511424812652974,1,0.4940397350993377,,0.4940397350993377,0.4940397350993377,1,0.23971279615645844,,0.23971279615645844,0.23971279615645844,1,0.030072458070846176,,0.030072458070846176,0.030072458070846176,1,0.48653421633554084,,0.48653421633554084,0.48653421633554084,1
exp2_whole_vs_pattern,pattern_raw_dtw,dtw,pattern,24,quarterly,3,4,1,full,0.21819311097812452,,0.21819311097812452,0.21819311097812452,1,0.01934673632667818,,0.01934673632667818,0.01934673632667818,1,0.45827814569536424,,0.45827814569536424,0.45827814569536424,1,0.217654196636502,,0.217654196636502,0.217654196636502,1,0.026592681819406515,,0.026592681819406515,0.026592681819406515,1,0.44856512141280364,,0.44856512141280364,0.44856512141280364,1
exp2_whole_vs_pattern,pattern_raw_dtw,dtw,pattern,24,quarterly,3,8,1,full,0.20106670934426604,,0.20106670934426604,0.20106670934426604,1,0.017769738186284276,,0.017769738186284276,0.017769738186284276,1,0.43841059602649,,0.43841059602649,0.43841059602649,1,0.19945640753667118,,0.19945640753667118,0.19945640753667118,1,0.02459205375396287,,0.02459205375396287,0.02459205375396287,1,0.43222958057395144,,0.43222958057395144,0.43222958057395144,1
exp2_whole_vs_pattern,pattern_raw_dtw,dtw,pattern,24,quarterly,4,2,1,full,0.17485704953789627,,0.17485704953789627,0.17485704953789627,1,0.01887522199832085,,0.01887522199832085,0.01887522199832085,1,0.3596026490066225,,0.3596026490066225,0.3596026490066225,1,0.17832056312381353,,0.17832056312381353,0.17832056312381353,1,0.02565114844561401,,0.02565114844561401,0.02565114844561401,1,0.3562913907284768,,0.3562913907284768,0.3562913907284768,1
exp2_whole_vs_pattern,pattern_raw_dtw,dtw,pattern,24,quarterly,4,4,1,full,0.17019359641033058,,0.17019359641033058,0.17019359641033058,1,0.017943819372799232,,0.017943819372799232,0.017943819372799232,1,0.3443708609271523,,0.3443708609271523,0.3443708609271523,1,0.16983047915174446,,0.16983047915174446,0.16983047915174446,1,0.023502994672735707,,0.023502994672735707,0.023502994672735707,1,0.3275938189845475,,0.3275938189845475,0.3275938189845475,1
exp2_whole_vs_pattern,pattern_raw_dtw,dtw,pattern,24,quarterly,4,8,1,full,0.15127286525412123,,0.15127286525412123,0.15127286525412123,1,0.016294517680963974,,0.016294517680963974,0.016294517680963974,1,0.32913907284768207,,0.32913907284768207,0.32913907284768207,1,0.1551156753399142,,0.1551156753399142,0.1551156753399142,1,0.021976979631079526,,0.021976979631079526,0.021976979631079526,1,0.32317880794701986,,0.32317880794701986,0.32317880794701986,1
exp2_whole_vs_pattern,pattern_tsfel,tsfel,pattern,24,quarterly,2,2,1,full,0.3839035268901191,,0.3839035268901191,0.3839035268901191,1,0.025494058297124502,,0.025494058297124502,0.025494058297124502,1,0.7410596026490066,,0.7410596026490066,0.7410596026490066,1,0.3765791341818345,,0.3765791341818345,0.3765791341818345,1,0.03679844616942872,,0.03679844616942872,0.03679844616942872,1,0.7315673289183223,,0.7315673289183223,0.7315673289183223,1
exp2_whole_vs_pattern,pattern_tsfel,tsfel,pattern,24,quarterly,2,4,1,full,0.34728545801211175,,0.34728545801211175,0.34728545801211175,1,0.025185865057854608,,0.025185865057854608,0.025185865057854608,1,0.7324503311258278,,0.7324503311258278,0.7324503311258278,1,0.34707476494337625,,0.34707476494337625,0.34707476494337625,1,0.03639558771568113,,0.03639558771568113,0.03639558771568113,1,0.7209713024282561,,0.7209713024282561,0.7209713024282561,1
exp2_whole_vs_pattern,pattern_tsfel,tsfel,pattern,24,quarterly,2,8,1,full,0.3738641810615576,,0.3738641810615576,0.3738641810615576,1,0.025055469266503764,,0.025055469266503764,0.025055469266503764,1,0.7317880794701986,,0.7317880794701986,0.7317880794701986,1,0.371585008025751,,0.371585008025751,0.371585008025751,1,0.03684390331627249,,0.03684390331627249,0.03684390331627249,1,0.7333333333333334,,0.7333333333333334,0.7333333333333334,1
exp2_whole_vs_pattern,pattern_tsfel,tsfel,pattern,24,quarterly,3,2,1,full,0.27678344640579106,,0.27678344640579106,0.27678344640579106,1,0.0261034632540846,,0.0261034632540846,0.0261034632540846,1,0.5629139072847682,,0.5629139072847682,0.5629139072847682,1,0.2709031402293195,,0.2709031402293195,0.2709031402293195,1,0.035831534747419465,,0.035831534747419465,0.035831534747419465,1,0.5364238410596026,,0.5364238410596026,0.5364238410596026,1
exp2_whole_vs_pattern,pattern_tsfel,tsfel,pattern,24,quarterly,3,4,1,full,0.26303410380307396,,0.26303410380307396,0.26303410380307396,1,0.026694557486519464,,0.026694557486519464,0.026694557486519464,1,0.5741721854304636,,0.5741721854304636,0.5741721854304636,1,0.26373470673303695,,0.26373470673303695,0.26373470673303695,1,0.03777481255672504,,0.03777481255672504,0.03777481255672504,1,0.5584988962472407,,0.5584988962472407,0.5584988962472407,1
exp2_whole_vs_pattern,pattern_tsfel,tsfel,pattern,24,quarterly,3,8,1,full,0.2673094784386866,,0.2673094784386866,0.2673094784386866,1,0.026216468864465783,,0.026216468864465783,0.026216468864465783,1,0.5701986754966887,,0.5701986754966887,0.5701986754966887,1,0.2724546947004991,,0.2724546947004991,0.2724546947004991,1,0.038288459347161366,,0.038288459347161366,0.038288459347161366,1,0.5779249448123621,,0.5779249448123621,0.5779249448123621,1
exp2_whole_vs_pattern,pattern_tsfel,tsfel,pattern,24,quarterly,4,2,1,full,0.21939457429535844,,0.21939457429535844,0.21939457429535844,1,0.025859365021841017,,0.025859365021841017,0.025859365021841017,1,0.45496688741721847,,0.45496688741721847,0.45496688741721847,1,0.2213236479495638,,0.2213236479495638,0.2213236479495638,1,0.03560583103017229,,0.03560583103017229,0.03560583103017229,1,0.44326710816777043,,0.44326710816777043,0.44326710816777043,1
exp2_whole_vs_pattern,pattern_tsfel,tsfel,pattern,24,quarterly,4,4,1,full,0.19661212708334125,,0.19661212708334125,0.19661212708334125,1,0.025453929202865617,,0.025453929202865617,0.025453929202865617,1,0.4403973509933774,,0.4403973509933774,0.4403973509933774,1,0.20270755131368406,,0.20270755131368406,0.20270755131368406,1,0.0358079324254654,,0.0358079324254654,0.0358079324254654,1,0.4384105960264901,,0.4384105960264901,0.4384105960264901,1
exp2_whole_vs_pattern,pattern_tsfel,tsfel,pattern,24,quarterly,4,8,1,full,0.21855984426561623,,0.21855984426561623,0.21855984426561623,1,0.02636770612814374,,0.02636770612814374,0.02636770612814374,1,0.4609271523178808,,0.4609271523178808,0.4609271523178808,1,0.22397535679979033,,0.22397535679979033,0.22397535679979033,1,0.03725397823852201,,0.03725397823852201,0.03725397823852201,1,0.4573951434878588,,0.4573951434878588,0.4573951434878588,1
exp2_whole_vs_pattern,raw_cosine,cosine,whole-series,24,quarterly,2,2,1,full,0.3256108873868435,,0.3256108873868435,0.3256108873868435,1,0.019852165105318384,,0.019852165105318384,0.019852165105318384,1,0.6238410596026491,,0.6238410596026491,0.6238410596026491,1,0.3181794471090908,,0.3181794471090908,0.3181794471090908,1,0.02827272656547588,,0.02827272656547588,0.02827272656547588,1,0.6189845474613687,,0.6189845474613687,0.6189845474613687,1
exp2_whole_vs_pattern,raw_cosine,cosine,whole-series,24,quarterly,2,4,1,full,0.3215064254944999,,0.3215064254944999,0.3215064254944999,1,0.0194427720055876,,0.0194427720055876,0.0194427720055876,1,0.6298013245033112,,0.6298013245033112,0.6298013245033112,1,0.31090098370940006,,0.31090098370940006,0.31090098370940006,1,0.02706010898719398,,0.02706010898719398,0.02706010898719398,1,0.6088300220750552,,0.6088300220750552,0.6088300220750552,1
exp2_whole_vs_pattern,raw_cosine,cosine,whole-series,24,quarterly,2,8,1,full,0.30525601126164625,,0.30525601126164625,0.30525601126164625,1,0.018443583849916928,,0.018443583849916928,0.018443583849916928,1,0.5920529801324503,,0.5920529801324503,0.5920529801324503,1,0.29415932242541776,,0.29415932242541776,0.29415932242541776,1,0.025777524315090224,,0.025777524315090224,0.025777524315090224,1,0.5770419426048565,,0.5770419426048565,0.5770419426048565,1
exp2_whole_vs_pattern,raw_cosine,cosine,whole-series,24,quarterly,3,2,1,full,0.22398576306164625,,0.22398576306164625,0.22398576306164625,1,0.019193818767413044,,0.019193818767413044,0.019193818767413044,1,0.46821192052980126,,0.46821192052980126,0.46821192052980126,1,0.2202334070626462,,0.2202334070626462,0.2202334070626462,1,0.025932515484241983,,0.025932515484241983,0.025932515484241983,1,0.45253863134657835,,0.45253863134657835,0.45253863134657835,1
exp2_whole_vs_pattern,raw_cosine,cosine,whole-series,24,quarterly,3,4,1,full,0.2085526869704413,,0.2085526869704413,0.2085526869704413,1,0.017136559026122152,,0.017136559026122152,0.017136559026122152,1,0.4344370860927152,,0.4344370860927152,0.4344370860927152,1,0.20552885728947135,,0.20552885728947135,0.20552885728947135,1,0.023366957641065212,,0.023366957641065212,0.023366957641065212,1,0.42339955849889627,,0.42339955849889627,0.42339955849889627,1
exp2_whole_vs_pattern,raw_cosine,cosine,whole-series,24,quarterly,3,8,1,full,0.2088620793228491,,0.2088620793228491,0.2088620793228491,1,0.01729498851242608,,0.01729498851242608,0.01729498851242608,1,0.41589403973509936,,0.41589403973509936,0.41589403973509936,1,0.20152967221365245,,0.20152967221365245,0.20152967221365245,1,0.023113208354116056,,0.023113208354116056,0.023113208354116056,1,0.40618101545253865,,0.40618101545253865,0.40618101545253865,1
exp2_whole_vs_pattern,raw_cosine,cosine,whole-series,24,quarterly,4,2,1,full,0.18814104212990324,,0.18814104212990324,0.18814104212990324,1,0.018742069928598528,,0.018742069928598528,0.018742069928598528,1,0.36490066225165557,,0.36490066225165557,0.36490066225165557,1,0.1815105403039445,,0.1815105403039445,0.1815105403039445,1,0.02428843865000817,,0.02428843865000817,0.02428843865000817,1,0.3461368653421633,,0.3461368653421633,0.3461368653421633,1
exp2_whole_vs_pattern,raw_cosine,cosine,whole-series,24,quarterly,4,4,1,full,0.1730879000339926,,0.1730879000339926,0.1730879000339926,1,0.017004881553880302,,0.017004881553880302,0.017004881553880302,1,0.34172185430463575,,0.34172185430463575,0.34172185430463575,1,0.16981798475616086,,0.16981798475616086,0.16981798475616086,1,0.021957631183808838,,0.021957631183808838,0.021957631183808838,1,0.3267108167770419,,0.3267108167770419,0.3267108167770419,1
exp2_whole_vs_pattern,raw_cosine,cosine,whole-series,24,quarterly,4,8,1,full,0.14098293328833655,,0.14098293328833655,0.14098293328833655,1,0.01481386908422644,,0.01481386908422644,0.01481386908422644,1,0.30596026490066225,,0.30596026490066225,0.30596026490066225,1,0.142304245900299,,0.142304245900299,0.142304245900299,1,0.01946049369932005,,0.01946049369932005,0.01946049369932005,1,0.2980132450331126,,0.2980132450331126,0.2980132450331126,1
exp2_whole_vs_pattern,raw_dtw,dtw,whole-series,24,quarterly,2,2,1,full,0.3262300878118624,,0.3262300878118624,0.3262300878118624,1,0.020311069827748895,,0.020311069827748895,0.020311069827748895,1,0.6298013245033112,,0.6298013245033112,0.6298013245033112,1,0.32175006245641075,,0.32175006245641075,0.32175006245641075,1,0.029261013296202173,,0.029261013296202173,0.029261013296202173,1,0.6331125827814569,,0.6331125827814569,0.6331125827814569,1
exp2_whole_vs_pattern,raw_dtw,dtw,whole-series,24,quarterly,2,4,1,full,0.32268232027045185,,0.32268232027045185,0.32268232027045185,1,0.019981492179270085,,0.019981492179270085,0.019981492179270085,1,0.6403973509933774,,0.6403973509933774,0.6403973509933774,1,0.31363505327040014,,0.31363505327040014,0.31363505327040014,1,0.027922387832619047,,0.027922387832619047,0.027922387832619047,1,0.6233995584988962,,0.6233995584988962,0.6233995584988962,1
exp2_whole_vs_pattern,raw_dtw,dtw,whole-series,24,quarterly,2,8,1,full,0.31308495857853536,,0.31308495857853536,0.31308495857853536,1,0.01928452099627586,,0.01928452099627586,0.01928452099627586,1,0.6145695364238412,,0.6145695364238412,0.6145695364238412,1,0.3070293891633067,,0.3070293891633067,0.3070293891633067,1,0.02705930902287241,,0.02705930902287241,0.02705930902287241,1,0.6039735099337747,,0.6039735099337747,0.6039735099337747,1
exp2_whole_vs_pattern,raw_dtw,dtw,whole-series,24,quarterly,3,2,1,full,0.21791922419922183,,0.21791922419922183,0.21791922419922183,1,0.019607176000022406,,0.019607176000022406,0.019607176000022406,1,0.4662251655629138,,0.4662251655629138,0.4662251655629138,1,0.21711810469157836,,0.21711810469157836,0.21711810469157836,1,0.026657663328495684,,0.026657663328495684,0.026657663328495684,1,0.4573951434878587,,0.4573951434878587,0.4573951434878587,1
exp2_whole_vs_pattern,raw_dtw,dtw,whole-series,24,quarterly,3,4,1,full,0.21581047596528902,,0.21581047596528902,0.21581047596528902,1,0.018168438020718304,,0.018168438020718304,0.018168438020718304,1,0.44834437086092715,,0.44834437086092715,0.44834437086092715,1,0.21388620562287314,,0.21388620562287314,0.21388620562287314,1,0.024518533127668184,,0.024518533127668184,0.024518533127668184,1,0.4335540838852097,,0.4335540838852097,0.4335540838852097,1
exp2_whole_vs_pattern,raw_dtw,dtw,whole-series,24,quarterly,3,8,1,full,0.20867708417944125,,0.20867708417944125,0.20867708417944125,1,0.018535635833851257,,0.018535635833851257,0.018535635833851257,1,0.45165562913907276,,0.45165562913907276,0.45165562913907276,1,0.2083684392483151,,0.2083684392483151,0.2083684392483151,1,0.025032478655935227,,0.025032478655935227,0.025032478655935227,1,0.4432671081677704,,0.4432671081677704,0.4432671081677704,1
exp2_whole_vs_pattern,raw_dtw,dtw,whole-series,24,quarterly,4,2,1,full,0.1802498320689609,,0.1802498320689609,0.1802498320689609,1,0.018731903793567574,,0.018731903793567574,0.018731903793567574,1,0.3562913907284768,,0.3562913907284768,0.3562913907284768,1,0.17861355324121428,,0.17861355324121428,0.17861355324121428,1,0.024696561477070222,,0.024696561477070222,0.024696561477070222,1,0.35055187637969093,,0.35055187637969093,0.35055187637969093,1
exp2_whole_vs_pattern,raw_dtw,dtw,whole-series,24,quarterly,4,4,1,full,0.17461503485142013,,0.17461503485142013,0.17461503485142013,1,0.01789286474187065,,0.01789286474187065,0.01789286474187065,1,0.35231788079470194,,0.35231788079470194,0.35231788079470194,1,0.17181420895678365,,0.17181420895678365,0.17181420895678365,1,0.023270773402647462,,0.023270773402647462,0.023270773402647462,1,0.33951434878587194,,0.33951434878587194,0.33951434878587194,1
exp2_whole_vs_pattern,raw_dtw,dtw,whole-series,24,quarterly,4,8,1,full,0.14782484394840043,,0.14782484394840043,0.14782484394840043,1,0.01599805860075509,,0.01599805860075509,0.01599805860075509,1,0.3370860927152318,,0.3370860927152318,0.3370860927152318,1,0.14954042741877105,,0.14954042741877105,0.14954042741877105,1,0.021103486648242388,,0.021103486648242388,0.021103486648242388,1,0.32406181015452534,,0.32406181015452534,0.32406181015452534,1
exp2_whole_vs_pattern,tsfel,tsfel,whole-series,24,quarterly,2,2,1,full,0.3734416618269185,,0.3734416618269185,0.3734416618269185,1,0.02432926055580893,,0.02432926055580893,0.02432926055580893,1,0.7092715231788081,,0.7092715231788081,0.7092715231788081,1,0.37616140436946843,,0.37616140436946843,0.37616140436946843,1,0.03588465859560005,,0.03588465859560005,0.03588465859560005,1,0.713907284768212,,0.713907284768212,0.713907284768212,1
exp2_whole_vs_pattern,tsfel,tsfel,whole-series,24,quarterly,2,4,1,full,0.3944842569030779,,0.3944842569030779,0.3944842569030779,1,0.025375780398493628,,0.025375780398493628,0.025375780398493628,1,0.7397350993377484,,0.7397350993377484,0.7397350993377484,1,0.3923332621658128,,0.3923332621658128,0.3923332621658128,1,0.03726939910467183,,0.03726939910467183,0.03726939910467183,1,0.7386313465783665,,0.7386313465783665,0.7386313465783665,1
exp2_whole_vs_pattern,tsfel,tsfel,whole-series,24,quarterly,2,8,1,full,0.3645108276384957,,0.3645108276384957,0.3645108276384957,1,0.024350267479438636,,0.024350267479438636,0.024350267479438636,1,0.7086092715231788,,0.7086092715231788,0.7086092715231788,1,0.36007871075111747,,0.36007871075111747,0.36007871075111747,1,0.03499889212863067,,0.03499889212863067,0.03499889212863067,1,0.7015452538631347,,0.7015452538631347,0.7015452538631347,1
exp2_whole_vs_pattern,tsfel,tsfel,whole-series,24,quarterly,3,2,1,full,0.2656581540473981,,0.2656581540473981,0.2656581540473981,1,0.025445567017277543,,0.025445567017277543,0.025445567017277543,1,0.5576158940397351,,0.5576158940397351,0.5576158940397351,1,0.26907461728200954,,0.26907461728200954,0.26907461728200954,1,0.03607323722870619,,0.03607323722870619,0.03607323722870619,1,0.5501103752759382,,0.5501103752759382,0.5501103752759382,1
exp2_whole_vs_pattern,tsfel,tsfel,whole-series,24,quarterly,3,4,1,full,0.2665347109360115,,0.2665347109360115,0.2665347109360115,1,0.024684724513893253,,0.024684724513893253,0.024684724513893253,1,0.5496688741721855,,0.5496688741721855,0.5496688741721855,1,0.2670498201024508,,0.2670498201024508,0.2670498201024508,1,0.035640240174650284,,0.035640240174650284,0.035640240174650284,1,0.5509933774834437,,0.5509933774834437,0.5509933774834437,1
exp2_whole_vs_pattern,tsfel,tsfel,whole-series,24,quarterly,3,8,1,full,0.2629763349009077,,0.2629763349009077,0.2629763349009077,1,0.024994188296608013,,0.024994188296608013,0.024994188296608013,1,0.5463576158940397,,0.5463576158940397,0.5463576158940397,1,0.26025940406635756,,0.26025940406635756,0.26025940406635756,1,0.034439166735731386,,0.034439166735731386,0.034439166735731386,1,0.5271523178807946,,0.5271523178807946,0.5271523178807946,1
exp2_whole_vs_pattern,tsfel,tsfel,whole-series,24,quarterly,4,2,1,full,0.21498510115963101,,0.21498510115963101,0.21498510115963101,1,0.025283619041941773,,0.025283619041941773,0.025283619041941773,1,0.44569536423841066,,0.44569536423841066,0.44569536423841066,1,0.21859204330441986,,0.21859204330441986,0.21859204330441986,1,0.03489963381879573,,0.03489963381879573,0.03489963381879573,1,0.4406181015452538,,0.4406181015452538,0.4406181015452538,1
exp2_whole_vs_pattern,tsfel,tsfel,whole-series,24,quarterly,4,4,1,full,0.21811207980076106,,0.21811207980076106,0.21811207980076106,1,0.02501771429223776,,0.02501771429223776,0.02501771429223776,1,0.4470198675496689,,0.4470198675496689,0.4470198675496689,1,0.21970803482178036,,0.21970803482178036,0.21970803482178036,1,0.035059948573018244,,0.035059948573018244,0.035059948573018244,1,0.44635761589403977,,0.44635761589403977,0.44635761589403977,1
exp2_whole_vs_pattern,tsfel,tsfel,whole-series,24,quarterly,4,8,1,full,0.1900058463939234,,0.1900058463939234,0.1900058463939234,1,0.023884999116467888,,0.023884999116467888,0.023884999116467888,1,0.4251655629139072,,0.4251655629139072,0.4251655629139072,1,0.19427990474192885,,0.19427990474192885,0.19427990474192885,1,0.0326637189869209,,0.0326637189869209,0.0326637189869209,1,0.41854304635761586,,0.41854304635761586,0.41854304635761586,1
exp3_retrieval_ablation,pattern_raw_cosine+pattern_tsfel,,best_content_baseline,24,quarterly,3,8,1,full,0.2713019033237863,,0.2713019033237863,0.2713019033237863,1,0.026410446089163337,,0.026410446089163337,0.026410446089163337,1,0.566887417218543,,0.566887417218543,0.566887417218543,1,0.27165458855783015,,0.27165458855783015,0.27165458855783015,1,0.03788474810930954,,0.03788474810930954,0.03788474810930954,1,0.5660044150110375,,0.5660044150110375,0.5660044150110375,1
exp3_retrieval_ablation,pattern_raw_cosine+pattern_tsfel,,best_content_baseline,24,quarterly,4,2,1,full,0.22222658997997546,,0.22222658997997546,0.22222658997997546,1,0.025683125262280546,,0.025683125262280546,0.025683125262280546,1,0.4503311258278146,,0.4503311258278146,0.4503311258278146,1,0.22148124237930267,,0.22148124237930267,0.22148124237930267,1,0.0350029179488196,,0.0350029179488196,0.0350029179488196,1,0.4357615894039736,,0.4357615894039736,0.4357615894039736,1
exp3_retrieval_ablation,pattern_tsfel,,best_content_baseline,24,quarterly,2,2,1,full,0.3839035268901191,,0.3839035268901191,0.3839035268901191,1,0.025494058297124502,,0.025494058297124502,0.025494058297124502,1,0.7410596026490066,,0.7410596026490066,0.7410596026490066,1,0.3765791341818345,,0.3765791341818345,0.3765791341818345,1,0.03679844616942872,,0.03679844616942872,0.03679844616942872,1,0.7315673289183223,,0.7315673289183223,0.7315673289183223,1
exp3_retrieval_ablation,pattern_tsfel,,best_content_baseline,24,quarterly,2,4,1,full,0.34728545801211175,,0.34728545801211175,0.34728545801211175,1,0.025185865057854608,,0.025185865057854608,0.025185865057854608,1,0.7324503311258278,,0.7324503311258278,0.7324503311258278,1,0.34707476494337625,,0.34707476494337625,0.34707476494337625,1,0.03639558771568113,,0.03639558771568113,0.03639558771568113,1,0.7209713024282561,,0.7209713024282561,0.7209713024282561,1
exp3_retrieval_ablation,pattern_tsfel,,best_content_baseline,24,quarterly,2,8,1,full,0.3738641810615576,,0.3738641810615576,0.3738641810615576,1,0.025055469266503764,,0.025055469266503764,0.025055469266503764,1,0.7317880794701986,,0.7317880794701986,0.7317880794701986,1,0.371585008025751,,0.371585008025751,0.371585008025751,1,0.03684390331627249,,0.03684390331627249,0.03684390331627249,1,0.7333333333333334,,0.7333333333333334,0.7333333333333334,1
exp3_retrieval_ablation,pattern_tsfel,,best_content_baseline,24,quarterly,3,2,1,full,0.27678344640579106,,0.27678344640579106,0.27678344640579106,1,0.0261034632540846,,0.0261034632540846,0.0261034632540846,1,0.5629139072847682,,0.5629139072847682,0.5629139072847682,1,0.2709031402293195,,0.2709031402293195,0.2709031402293195,1,0.035831534747419465,,0.035831534747419465,0.035831534747419465,1,0.5364238410596026,,0.5364238410596026,0.5364238410596026,1
exp3_retrieval_ablation,pattern_tsfel,,best_content_baseline,24,quarterly,3,4,1,full,0.26303410380307396,,0.26303410380307396,0.26303410380307396,1,0.026694557486519464,,0.026694557486519464,0.026694557486519464,1,0.5741721854304636,,0.5741721854304636,0.5741721854304636,1,0.26373470673303695,,0.26373470673303695,0.26373470673303695,1,0.03777481255672504,,0.03777481255672504,0.03777481255672504,1,0.5584988962472407,,0.5584988962472407,0.5584988962472407,1
exp3_retrieval_ablation,pattern_tsfel,,best_content_baseline,24,quarterly,4,4,1,full,0.19661212708334125,,0.19661212708334125,0.19661212708334125,1,0.025453929202865617,,0.025453929202865617,0.025453929202865617,1,0.4403973509933774,,0.4403973509933774,0.4403973509933774,1,0.20270755131368406,,0.20270755131368406,0.20270755131368406,1,0.0358079324254654,,0.0358079324254654,0.0358079324254654,1,0.4384105960264901,,0.4384105960264901,0.4384105960264901,1
exp3_retrieval_ablation,pattern_tsfel,,best_content_baseline,24,quarterly,4,8,1,full,0.21855984426561623,,0.21855984426561623,0.21855984426561623,1,0.02636770612814374,,0.02636770612814374,0.02636770612814374,1,0.4609271523178808,,0.4609271523178808,0.4609271523178808,1,0.22397535679979033,,0.22397535679979033,0.22397535679979033,1,0.03725397823852201,,0.03725397823852201,0.03725397823852201,1,0.4573951434878588,,0.4573951434878588,0.4573951434878588,1
exp3_retrieval_ablation,random,,random,24,quarterly,2,2,1,full,0.2450658820282552,,0.2450658820282552,0.2450658820282552,1,0.014833904279682337,,0.014833904279682337,0.014833904279682337,1,0.5503311258278146,,0.5503311258278146,0.5503311258278146,1,0.24722960654816076,,0.24722960654816076,0.24722960654816076,1,0.02139697198041314,,0.02139697198041314,0.02139697198041314,1,0.5523178807947019,,0.5523178807947019,0.5523178807947019,1
exp3_retrieval_ablation,random,,random,24,quarterly,2,4,1,full,0.21752786360534887,,0.21752786360534887,0.21752786360534887,1,0.014068681502421217,,0.014068681502421217,0.014068681502421217,1,0.5278145695364238,,0.5278145695364238,0.5278145695364238,1,0.2172180772342291,,0.2172180772342291,0.2172180772342291,1,0.02011877160395591,,0.02011877160395591,0.02011877160395591,1,0.5306843267108168,,0.5306843267108168,0.5306843267108168,1
exp3_retrieval_ablation,random,,random,24,quarterly,2,8,1,full,0.23870244389858708,,0.23870244389858708,0.23870244389858708,1,0.014130500235490135,,0.014130500235490135,0.014130500235490135,1,0.533112582781457,,0.533112582781457,0.533112582781457,1,0.23558798850505508,,0.23558798850505508,0.23558798850505508,1,0.020279827531358426,,0.020279827531358426,0.020279827531358426,1,0.5368653421633554,,0.5368653421633554,0.5368653421633554,1
exp3_retrieval_ablation,random,,random,24,quarterly,3,2,1,full,0.1535639147719045,,0.1535639147719045,0.1535639147719045,1,0.011554482107473693,,0.011554482107473693,0.011554482107473693,1,0.36490066225165557,,0.36490066225165557,0.36490066225165557,1,0.15636103867296283,,0.15636103867296283,0.15636103867296283,1,0.015913644684562175,,0.015913644684562175,0.015913644684562175,1,0.3602649006622516,,0.3602649006622516,0.3602649006622516,1
exp3_retrieval_ablation,random,,random,24,quarterly,3,4,1,full,0.12850202474436354,,0.12850202474436354,0.12850202474436354,1,0.01101860197554642,,0.01101860197554642,0.01101860197554642,1,0.35165562913907283,,0.35165562913907283,0.35165562913907283,1,0.1342510135889982,,0.1342510135889982,0.1342510135889982,1,0.015279460334484926,,0.015279460334484926,0.015279460334484926,1,0.35143487858719646,,0.35143487858719646,0.35143487858719646,1
exp3_retrieval_ablation,random,,random,24,quarterly,3,8,1,full,0.1447973074271194,,0.1447973074271194,0.1447973074271194,1,0.011169313412039625,,0.011169313412039625,0.011169313412039625,1,0.3536423841059602,,0.3536423841059602,0.3536423841059602,1,0.14755498815895354,,0.14755498815895354,0.14755498815895354,1,0.015387554322649941,,0.015387554322649941,0.015387554322649941,1,0.3523178807947019,,0.3523178807947019,0.3523178807947019,1
exp3_retrieval_ablation,random,,random,24,quarterly,4,2,1,full,0.11433837308095311,,0.11433837308095311,0.11433837308095311,1,0.009655095400548243,,0.009655095400548243,0.009655095400548243,1,0.2589403973509934,,0.2589403973509934,0.2589403973509934,1,0.12053244797096714,,0.12053244797096714,0.12053244797096714,1,0.01288418423541368,,0.01288418423541368,0.01288418423541368,1,0.260485651214128,,0.260485651214128,0.260485651214128,1
exp3_retrieval_ablation,random,,random,24,quarterly,4,4,1,full,0.09249155724931415,,0.09249155724931415,0.09249155724931415,1,0.009465297172157107,,0.009465297172157107,0.009465297172157107,1,0.2503311258278145,,0.2503311258278145,0.2503311258278145,1,0.10252896046715042,,0.10252896046715042,0.10252896046715042,1,0.012854604770907224,,0.012854604770907224,0.012854604770907224,1,0.25783664459161143,,0.25783664459161143,0.25783664459161143,1
exp3_retrieval_ablation,random,,random,24,quarterly,4,8,1,full,0.1071181020549998,,0.1071181020549998,0.1071181020549998,1,0.010399771823164485,,0.010399771823164485,0.010399771823164485,1,0.2708609271523179,,0.2708609271523179,0.2708609271523179,1,0.11058738138300546,,0.11058738138300546,0.11058738138300546,1,0.013699597483344437,,0.013699597483344437,0.013699597483344437,1,0.26490066225165554,,0.26490066225165554,0.26490066225165554,1
exp4_pattern_length_sensitivity,pattern_raw_cosine,,,12,quarterly,2,2,1,full,0.3276760848155538,,0.3276760848155538,0.3276760848155538,1,0.020180936640519224,,0.020180936640519224,0.020180936640519224,1,0.6264900662251656,,0.6264900662251656,0.6264900662251656,1,0.31867873251233253,,0.31867873251233253,0.31867873251233253,1,0.028610559295633876,,0.028610559295633876,0.028610559295633876,1,0.6181015452538631,,0.6181015452538631,0.6181015452538631,1
exp4_pattern_length_sensitivity,pattern_raw_cosine,,,12,quarterly,2,4,1,full,0.3105845275085068,,0.3105845275085068,0.3105845275085068,1,0.018840776832966213,,0.018840776832966213,0.018840776832966213,1,0.6198675496688743,,0.6198675496688743,0.6198675496688743,1,0.30249594020190707,,0.30249594020190707,0.30249594020190707,1,0.027094381682926865,,0.027094381682926865,0.027094381682926865,1,0.6163355408388521,,0.6163355408388521,0.6163355408388521,1
exp4_pattern_length_sensitivity,pattern_raw_cosine,,,12,quarterly,2,8,1,full,0.3105845275085068,,0.3105845275085068,0.3105845275085068,1,0.018840776832966213,,0.018840776832966213,0.018840776832966213,1,0.6198675496688743,,0.6198675496688743,0.6198675496688743,1,0.30249594020190707,,0.30249594020190707,0.30249594020190707,1,0.027094381682926865,,0.027094381682926865,0.027094381682926865,1,0.6163355408388521,,0.6163355408388521,0.6163355408388521,1
exp4_pattern_length_sensitivity,pattern_raw_cosine,,,12,quarterly,3,2,1,full,0.23602535795195773,,0.23602535795195773,0.23602535795195773,1,0.020197587557686622,,0.020197587557686622,0.020197587557686622,1,0.47284768211920525,,0.47284768211920525,0.47284768211920525,1,0.2274547972667893,,0.2274547972667893,0.2274547972667893,1,0.027069211595819938,,0.027069211595819938,0.027069211595819938,1,0.4520971302428255,,0.4520971302428255,0.4520971302428255,1
exp4_pattern_length_sensitivity,pattern_raw_cosine,,,12,quarterly,3,4,1,full,0.20363503986927778,,0.20363503986927778,0.20363503986927778,1,0.016812929090944874,,0.016812929090944874,0.016812929090944874,1,0.4298013245033113,,0.4298013245033113,0.4298013245033113,1,0.2046296263861913,,0.2046296263861913,0.2046296263861913,1,0.02304287923706483,,0.02304287923706483,0.02304287923706483,1,0.4233995584988963,,0.4233995584988963,0.4233995584988963,1
exp4_pattern_length_sensitivity,pattern_raw_cosine,,,12,quarterly,3,8,1,full,0.20363503986927778,,0.20363503986927778,0.20363503986927778,1,0.016812929090944874,,0.016812929090944874,0.016812929090944874,1,0.4298013245033113,,0.4298013245033113,0.4298013245033113,1,0.2046296263861913,,0.2046296263861913,0.2046296263861913,1,0.02304287923706483,,0.02304287923706483,0.02304287923706483,1,0.4233995584988963,,0.4233995584988963,0.4233995584988963,1
exp4_pattern_length_sensitivity,pattern_raw_cosine,,,12,quarterly,4,2,1,full,0.1793878032674787,,0.1793878032674787,0.1793878032674787,1,0.01941713707148846,,0.01941713707148846,0.01941713707148846,1,0.3655629139072848,,0.3655629139072848,0.3655629139072848,1,0.1770078991300947,,0.1770078991300947,0.1770078991300947,1,0.024966144706028915,,0.024966144706028915,0.024966144706028915,1,0.34481236203090504,,0.34481236203090504,0.34481236203090504,1
exp4_pattern_length_sensitivity,pattern_raw_cosine,,,12,quarterly,4,4,1,full,0.17639576531036974,,0.17639576531036974,0.17639576531036974,1,0.017223374054886192,,0.017223374054886192,0.017223374054886192,1,0.3556291390728477,,0.3556291390728477,0.3556291390728477,1,0.17827399005983188,,0.17827399005983188,0.17827399005983188,1,0.02272740483602512,,0.02272740483602512,0.02272740483602512,1,0.34348785871964677,,0.34348785871964677,0.34348785871964677,1
exp4_pattern_length_sensitivity,pattern_raw_cosine,,,12,quarterly,4,8,1,full,0.17639576531036974,,0.17639576531036974,0.17639576531036974,1,0.017223374054886192,,0.017223374054886192,0.017223374054886192,1,0.3556291390728477,,0.3556291390728477,0.3556291390728477,1,0.17827399005983188,,0.17827399005983188,0.17827399005983188,1,0.02272740483602512,,0.02272740483602512,0.02272740483602512,1,0.34348785871964677,,0.34348785871964677,0.34348785871964677,1
exp4_pattern_length_sensitivity,pattern_raw_cosine,,,24,quarterly,2,2,1,full,0.3154479009386773,,0.3154479009386773,0.3154479009386773,1,0.018874982961209562,,0.018874982961209562,0.018874982961209562,1,0.5980132450331126,,0.5980132450331126,0.5980132450331126,1,0.31442708261931146,,0.31442708261931146,0.31442708261931146,1,0.027532798379783247,,0.027532798379783247,0.027532798379783247,1,0.6066225165562914,,0.6066225165562914,0.6066225165562914,1
exp4_pattern_length_sensitivity,pattern_raw_cosine,,,24,quarterly,2,4,1,full,0.29322580039032337,,0.29322580039032337,0.29322580039032337,1,0.019283312167091365,,0.019283312167091365,0.019283312167091365,1,0.613907284768212,,0.613907284768212,0.613907284768212,1,0.2859926769048483,,0.2859926769048483,0.2859926769048483,1,0.02702320128078745,,0.02702320128078745,0.02702320128078745,1,0.5991169977924945,,0.5991169977924945,0.5991169977924945,1
exp4_pattern_length_sensitivity,pattern_raw_cosine,,,24,quarterly,2,8,1,full,0.292576833679699,,0.292576833679699,0.292576833679699,1,0.017951666511208518,,0.017951666511208518,0.017951666511208518,1,0.5860927152317881,,0.5860927152317881,0.5860927152317881,1,0.2916413995543685,,0.2916413995543685,0.2916413995543685,1,0.025551738827338834,,0.025551738827338834,0.025551738827338834,1,0.5827814569536424,,0.5827814569536424,0.5827814569536424,1
exp4_pattern_length_sensitivity,pattern_raw_cosine,,,24,quarterly,3,2,1,full,0.2232505191570691,,0.2232505191570691,0.2232505191570691,1,0.0186667715138796,,0.0186667715138796,0.0186667715138796,1,0.4390728476821193,,0.4390728476821193,0.4390728476821193,1,0.22504617695463414,,0.22504617695463414,0.22504617695463414,1,0.026560642704865314,,0.026560642704865314,0.026560642704865314,1,0.45033112582781465,,0.45033112582781465,0.45033112582781465,1
exp4_pattern_length_sensitivity,pattern_raw_cosine,,,24,quarterly,3,4,1,full,0.20744313927110267,,0.20744313927110267,0.20744313927110267,1,0.018605284105950727,,0.018605284105950727,0.018605284105950727,1,0.4423841059602648,,0.4423841059602648,0.4423841059602648,1,0.20370191037597432,,0.20370191037597432,0.20370191037597432,1,0.025051828026728073,,0.025051828026728073,0.025051828026728073,1,0.42693156732891835,,0.42693156732891835,0.42693156732891835,1
exp4_pattern_length_sensitivity,pattern_raw_cosine,,,24,quarterly,3,8,1,full,0.1941551956246306,,0.1941551956246306,0.1941551956246306,1,0.016600700525607946,,0.016600700525607946,0.016600700525607946,1,0.4086092715231789,,0.4086092715231789,0.4086092715231789,1,0.19827648673685008,,0.19827648673685008,0.19827648673685008,1,0.02314299476062613,,0.02314299476062613,0.02314299476062613,1,0.4128035320088301,,0.4128035320088301,0.4128035320088301,1
exp4_pattern_length_sensitivity,pattern_raw_cosine,,,24,quarterly,4,2,1,full,0.16630320262649642,,0.16630320262649642,0.16630320262649642,1,0.017023098129620478,,0.017023098129620478,0.017023098129620478,1,0.3350993377483444,,0.3350993377483444,0.3350993377483444,1,0.17054384130167594,,0.17054384130167594,0.17054384130167594,1,0.02394524840767164,,0.02394524840767164,0.02394524840767164,1,0.34481236203090504,,0.34481236203090504,0.34481236203090504,1
exp4_pattern_length_sensitivity,pattern_raw_cosine,,,24,quarterly,4,4,1,full,0.16268774206296802,,0.16268774206296802,0.16268774206296802,1,0.016838177693461725,,0.016838177693461725,0.016838177693461725,1,0.3423841059602649,,0.3423841059602649,0.3423841059602649,1,0.1614755343810669,,0.1614755343810669,0.1614755343810669,1,0.021986500450789558,,0.021986500450789558,0.021986500450789558,1,0.32406181015452534,,0.32406181015452534,0.32406181015452534,1
exp4_pattern_length_sensitivity,pattern_raw_cosine,,,24,quarterly,4,8,1,full,0.1523177591643151,,0.1523177591643151,0.1523177591643151,1,0.016347596519550974,,0.016347596519550974,0.016347596519550974,1,0.3211920529801324,,0.3211920529801324,0.3211920529801324,1,0.1588801978445369,,0.1588801978445369,0.1588801978445369,1,0.022004715839812367,,0.022004715839812367,0.022004715839812367,1,0.3183222958057395,,0.3183222958057395,0.3183222958057395,1
exp4_pattern_length_sensitivity,pattern_raw_cosine,,,36,quarterly,2,2,1,full,0.32763672629942087,,0.32763672629942087,0.32763672629942087,1,0.020694345023174413,,0.020694345023174413,0.020694345023174413,1,0.6463576158940398,,0.6463576158940398,0.6463576158940398,1,0.3227375283403104,,0.3227375283403104,0.3227375283403104,1,0.0295146317775566,,0.0295146317775566,0.0295146317775566,1,0.6331125827814569,,0.6331125827814569,0.6331125827814569,1
exp4_pattern_length_sensitivity,pattern_raw_cosine,,,36,quarterly,2,4,1,full,0.331744384878033,,0.331744384878033,0.331744384878033,1,0.02074514801160621,,0.02074514801160621,0.02074514801160621,1,0.6403973509933774,,0.6403973509933774,0.6403973509933774,1,0.31921439088017933,,0.31921439088017933,0.31921439088017933,1,0.0295466876557466,,0.0295466876557466,0.0295466876557466,1,0.6286975717439294,,0.6286975717439294,0.6286975717439294,1
exp4_pattern_length_sensitivity,pattern_raw_cosine,,,36,quarterly,2,8,1,full,0.2926611417186667,,0.2926611417186667,0.2926611417186667,1,0.018937638042642948,,0.018937638042642948,0.018937638042642948,1,0.6039735099337749,,0.6039735099337749,0.6039735099337749,1,0.2869991198694968,,0.2869991198694968,0.2869991198694968,1,0.027136033008086907,,0.027136033008086907,0.027136033008086907,1,0.6044150110375277,,0.6044150110375277,0.6044150110375277,1
exp4_pattern_length_sensitivity,pattern_raw_cosine,,,36,quarterly,3,2,1,full,0.2230409015333393,,0.2230409015333393,0.2230409015333393,1,0.019482092922852533,,0.019482092922852533,0.019482092922852533,1,0.47152317880794703,,0.47152317880794703,0.47152317880794703,1,0.21952921334410955,,0.21952921334410955,0.21952921334410955,1,0.026710723533717663,,0.026710723533717663,0.026710723533717663,1,0.4569536423841061,,0.4569536423841061,0.4569536423841061,1
exp4_pattern_length_sensitivity,pattern_raw_cosine,,,36,quarterly,3,4,1,full,0.2260503580511596,,0.2260503580511596,0.2260503580511596,1,0.01962470296373526,,0.01962470296373526,0.01962470296373526,1,0.46688741721854304,,0.46688741721854304,0.46688741721854304,1,0.21760262979509196,,0.21760262979509196,0.21760262979509196,1,0.026554767451682303,,0.026554767451682303,0.026554767451682303,1,0.4481236203090508,,0.4481236203090508,0.4481236203090508,1
exp4_pattern_length_sensitivity,pattern_raw_cosine,,,36,quarterly,3,8,1,full,0.19264735083531945,,0.19264735083531945,0.19264735083531945,1,0.019194620702369408,,0.019194620702369408,0.019194620702369408,1,0.4549668874172186,,0.4549668874172186,0.4549668874172186,1,0.1928612858702533,,0.1928612858702533,0.1928612858702533,1,0.0262007131519417,,0.0262007131519417,0.0262007131519417,1,0.44326710816777043,,0.44326710816777043,0.44326710816777043,1
exp4_pattern_length_sensitivity,pattern_raw_cosine,,,36,quarterly,4,2,1,full,0.18274331156123064,,0.18274331156123064,0.18274331156123064,1,0.017777256279475045,,0.017777256279475045,0.017777256279475045,1,0.3629139072847682,,0.3629139072847682,0.3629139072847682,1,0.1785896041827365,,0.1785896041827365,0.1785896041827365,1,0.023270008557142022,,0.023270008557142022,0.023270008557142022,1,0.341280353200883,,0.341280353200883,0.341280353200883,1
exp4_pattern_length_sensitivity,pattern_raw_cosine,,,36,quarterly,4,4,1,full,0.17424216777964896,,0.17424216777964896,0.17424216777964896,1,0.017732328427518918,,0.017732328427518918,0.017732328427518918,1,0.3490066225165563,,0.3490066225165563,0.3490066225165563,1,0.17259155138909252,,0.17259155138909252,0.17259155138909252,1,0.02289136221502706,,0.02289136221502706,0.02289136221502706,1,0.3280353200883002,,0.3280353200883002,0.3280353200883002,1
exp4_pattern_length_sensitivity,pattern_raw_cosine,,,36,quarterly,4,8,1,full,0.16555853425141837,,0.16555853425141837,0.16555853425141837,1,0.018248707886664432,,0.018248707886664432,0.018248707886664432,1,0.3443708609271523,,0.3443708609271523,0.3443708609271523,1,0.16748618649733726,,0.16748618649733726,0.16748618649733726,1,0.023987155294861714,,0.023987155294861714,0.023987155294861714,1,0.33642384105960266,,0.33642384105960266,0.33642384105960266,1
exp4_pattern_length_sensitivity,pattern_raw_dtw,,,12,quarterly,2,2,1,full,0.3255305751046564,,0.3255305751046564,0.3255305751046564,1,0.01967031274767467,,0.01967031274767467,0.01967031274767467,1,0.6258278145695364,,0.6258278145695364,0.6258278145695364,1,0.3178312808400346,,0.3178312808400346,0.3178312808400346,1,0.028104151352547974,,0.028104151352547974,0.028104151352547974,1,0.6163355408388521,,0.6163355408388521,0.6163355408388521,1
exp4_pattern_length_sensitivity,pattern_raw_dtw,,,12,quarterly,2,4,1,full,0.30269703306949364,,0.30269703306949364,0.30269703306949364,1,0.017872551756703863,,0.017872551756703863,0.017872551756703863,1,0.5900662251655628,,0.5900662251655628,0.5900662251655628,1,0.3020081101560556,,0.3020081101560556,0.3020081101560556,1,0.026261484618380012,,0.026261484618380012,0.026261484618380012,1,0.6048565121412803,,0.6048565121412803,0.6048565121412803,1
exp4_pattern_length_sensitivity,pattern_raw_dtw,,,12,quarterly,2,8,1,full,0.30269703306949364,,0.30269703306949364,0.30269703306949364,1,0.017872551756703863,,0.017872551756703863,0.017872551756703863,1,0.5900662251655628,,0.5900662251655628,0.5900662251655628,1,0.3020081101560556,,0.3020081101560556,0.3020081101560556,1,0.026261484618380012,,0.026261484618380012,0.026261484618380012,1,0.6048565121412803,,0.6048565121412803,0.6048565121412803,1
exp4_pattern_length_sensitivity,pattern_raw_dtw,,,12,quarterly,3,2,1,full,0.23395561834805534,,0.23395561834805534,0.23395561834805534,1,0.019853084338962112,,0.019853084338962112,0.019853084338962112,1,0.476158940397351,,0.476158940397351,0.476158940397351,1,0.22621806307105066,,0.22621806307105066,0.22621806307105066,1,0.027103424501798354,,0.027103424501798354,0.027103424501798354,1,0.4587196467991171,,0.4587196467991171,0.4587196467991171,1
exp4_pattern_length_sensitivity,pattern_raw_dtw,,,12,quarterly,3,4,1,full,0.2089272012956185,,0.2089272012956185,0.2089272012956185,1,0.01734973736209673,,0.01734973736209673,0.01734973736209673,1,0.433112582781457,,0.433112582781457,0.433112582781457,1,0.2121925345743466,,0.2121925345743466,0.2121925345743466,1,0.024081544870779566,,0.024081544870779566,0.024081544870779566,1,0.43796909492273733,,0.43796909492273733,0.43796909492273733,1
exp4_pattern_length_sensitivity,pattern_raw_dtw,,,12,quarterly,3,8,1,full,0.2089272012956185,,0.2089272012956185,0.2089272012956185,1,0.01734973736209673,,0.01734973736209673,0.01734973736209673,1,0.433112582781457,,0.433112582781457,0.433112582781457,1,0.2121925345743466,,0.2121925345743466,0.2121925345743466,1,0.024081544870779566,,0.024081544870779566,0.024081544870779566,1,0.43796909492273733,,0.43796909492273733,0.43796909492273733,1
exp4_pattern_length_sensitivity,pattern_raw_dtw,,,12,quarterly,4,2,1,full,0.17894935685513846,,0.17894935685513846,0.17894935685513846,1,0.019512620016998793,,0.019512620016998793,0.019512620016998793,1,0.37284768211920527,,0.37284768211920527,0.37284768211920527,1,0.1810056939408804,,0.1810056939408804,0.1810056939408804,1,0.02613101259261113,,0.02613101259261113,0.02613101259261113,1,0.36026490066225164,,0.36026490066225164,0.36026490066225164,1
exp4_pattern_length_sensitivity,pattern_raw_dtw,,,12,quarterly,4,4,1,full,0.1757617704598872,,0.1757617704598872,0.1757617704598872,1,0.01720972100586758,,0.01720972100586758,0.01720972100586758,1,0.3509933774834437,,0.3509933774834437,0.3509933774834437,1,0.18135994237560124,,0.18135994237560124,0.18135994237560124,1,0.023445005706758715,,0.023445005706758715,0.023445005706758715,1,0.35055187637969093,,0.35055187637969093,0.35055187637969093,1
exp4_pattern_length_sensitivity,pattern_raw_dtw,,,12,quarterly,4,8,1,full,0.1757617704598872,,0.1757617704598872,0.1757617704598872,1,0.01720972100586758,,0.01720972100586758,0.01720972100586758,1,0.3509933774834437,,0.3509933774834437,0.3509933774834437,1,0.18135994237560124,,0.18135994237560124,0.18135994237560124,1,0.023445005706758715,,0.023445005706758715,0.023445005706758715,1,0.35055187637969093,,0.35055187637969093,0.35055187637969093,1
exp4_pattern_length_sensitivity,pattern_raw_dtw,,,24,quarterly,2,2,1,full,0.3385820524192684,,0.3385820524192684,0.3385820524192684,1,0.021331210425130313,,0.021331210425130313,0.021331210425130313,1,0.6490066225165563,,0.6490066225165563,0.6490066225165563,1,0.33182696513892207,,0.33182696513892207,0.33182696513892207,1,0.03068132763696329,,0.03068132763696329,0.03068132763696329,1,0.644150110375276,,0.644150110375276,0.644150110375276,1
exp4_pattern_length_sensitivity,pattern_raw_dtw,,,24,quarterly,2,4,1,full,0.3040311739508287,,0.3040311739508287,0.3040311739508287,1,0.019776601608616568,,0.019776601608616568,0.019776601608616568,1,0.6238410596026489,,0.6238410596026489,0.6238410596026489,1,0.29698292716629443,,0.29698292716629443,0.29698292716629443,1,0.02816878575148147,,0.02816878575148147,0.02816878575148147,1,0.6176600441501103,,0.6176600441501103,0.6176600441501103,1
exp4_pattern_length_sensitivity,pattern_raw_dtw,,,24,quarterly,2,8,1,full,0.2974118120101634,,0.2974118120101634,0.2974118120101634,1,0.018549727023478412,,0.018549727023478412,0.018549727023478412,1,0.609271523178808,,0.609271523178808,0.609271523178808,1,0.2939098936380447,,0.2939098936380447,0.2939098936380447,1,0.026875359609074518,,0.026875359609074518,0.026875359609074518,1,0.61280353200883,,0.61280353200883,0.61280353200883,1
exp4_pattern_length_sensitivity,pattern_raw_dtw,,,24,quarterly,3,2,1,full,0.24150697518809922,,0.24150697518809922,0.24150697518809922,1,0.021511424812652974,,0.021511424812652974,0.021511424812652974,1,0.4940397350993377,,0.4940397350993377,0.4940397350993377,1,0.23971279615645844,,0.23971279615645844,0.23971279615645844,1,0.030072458070846176,,0.030072458070846176,0.030072458070846176,1,0.48653421633554084,,0.48653421633554084,0.48653421633554084,1
exp4_pattern_length_sensitivity,pattern_raw_dtw,,,24,quarterly,3,4,1,full,0.21819311097812452,,0.21819311097812452,0.21819311097812452,1,0.01934673632667818,,0.01934673632667818,0.01934673632667818,1,0.45827814569536424,,0.45827814569536424,0.45827814569536424,1,0.217654196636502,,0.217654196636502,0.217654196636502,1,0.026592681819406515,,0.026592681819406515,0.026592681819406515,1,0.44856512141280364,,0.44856512141280364,0.44856512141280364,1
exp4_pattern_length_sensitivity,pattern_raw_dtw,,,24,quarterly,3,8,1,full,0.20106670934426604,,0.20106670934426604,0.20106670934426604,1,0.017769738186284276,,0.017769738186284276,0.017769738186284276,1,0.43841059602649,,0.43841059602649,0.43841059602649,1,0.19945640753667118,,0.19945640753667118,0.19945640753667118,1,0.02459205375396287,,0.02459205375396287,0.02459205375396287,1,0.43222958057395144,,0.43222958057395144,0.43222958057395144,1
exp4_pattern_length_sensitivity,pattern_raw_dtw,,,24,quarterly,4,2,1,full,0.17485704953789627,,0.17485704953789627,0.17485704953789627,1,0.01887522199832085,,0.01887522199832085,0.01887522199832085,1,0.3596026490066225,,0.3596026490066225,0.3596026490066225,1,0.17832056312381353,,0.17832056312381353,0.17832056312381353,1,0.02565114844561401,,0.02565114844561401,0.02565114844561401,1,0.3562913907284768,,0.3562913907284768,0.3562913907284768,1
exp4_pattern_length_sensitivity,pattern_raw_dtw,,,24,quarterly,4,4,1,full,0.17019359641033058,,0.17019359641033058,0.17019359641033058,1,0.017943819372799232,,0.017943819372799232,0.017943819372799232,1,0.3443708609271523,,0.3443708609271523,0.3443708609271523,1,0.16983047915174446,,0.16983047915174446,0.16983047915174446,1,0.023502994672735707,,0.023502994672735707,0.023502994672735707,1,0.3275938189845475,,0.3275938189845475,0.3275938189845475,1
exp4_pattern_length_sensitivity,pattern_raw_dtw,,,24,quarterly,4,8,1,full,0.15127286525412123,,0.15127286525412123,0.15127286525412123,1,0.016294517680963974,,0.016294517680963974,0.016294517680963974,1,0.32913907284768207,,0.32913907284768207,0.32913907284768207,1,0.1551156753399142,,0.1551156753399142,0.1551156753399142,1,0.021976979631079526,,0.021976979631079526,0.021976979631079526,1,0.32317880794701986,,0.32317880794701986,0.32317880794701986,1
exp4_pattern_length_sensitivity,pattern_raw_dtw,,,36,quarterly,2,2,1,full,0.328087833529583,,0.328087833529583,0.328087833529583,1,0.020986539700526434,,0.020986539700526434,0.020986539700526434,1,0.6490066225165563,,0.6490066225165563,0.6490066225165563,1,0.324220263255947,,0.324220263255947,0.324220263255947,1,0.03032752275728026,,0.03032752275728026,0.03032752275728026,1,0.6437086092715231,,0.6437086092715231,0.6437086092715231,1
exp4_pattern_length_sensitivity,pattern_raw_dtw,,,36,quarterly,2,4,1,full,0.3298361619156818,,0.3298361619156818,0.3298361619156818,1,0.02092476879373859,,0.02092476879373859,0.02092476879373859,1,0.6536423841059602,,0.6536423841059602,0.6536423841059602,1,0.32025384694381276,,0.32025384694381276,0.32025384694381276,1,0.030137316302707565,,0.030137316302707565,0.030137316302707565,1,0.6463576158940397,,0.6463576158940397,0.6463576158940397,1
exp4_pattern_length_sensitivity,pattern_raw_dtw,,,36,quarterly,2,8,1,full,0.29555985093899734,,0.29555985093899734,0.29555985093899734,1,0.01956562240048962,,0.01956562240048962,0.01956562240048962,1,0.6238410596026489,,0.6238410596026489,0.6238410596026489,1,0.29071648063144684,,0.29071648063144684,0.29071648063144684,1,0.028128864547027267,,0.028128864547027267,0.028128864547027267,1,0.6194260485651214,,0.6194260485651214,0.6194260485651214,1
exp4_pattern_length_sensitivity,pattern_raw_dtw,,,36,quarterly,3,2,1,full,0.22846571856594314,,0.22846571856594314,0.22846571856594314,1,0.020993128497521697,,0.020993128497521697,0.020993128497521697,1,0.49072847682119203,,0.49072847682119203,0.49072847682119203,1,0.2311313643731852,,0.2311313643731852,0.2311313643731852,1,0.029409135195217158,,0.029409135195217158,0.029409135195217158,1,0.48785871964679905,,0.48785871964679905,0.48785871964679905,1
exp4_pattern_length_sensitivity,pattern_raw_dtw,,,36,quarterly,3,4,1,full,0.22987920653820695,,0.22987920653820695,0.22987920653820695,1,0.020019416003771797,,0.020019416003771797,0.020019416003771797,1,0.47880794701986745,,0.47880794701986745,0.47880794701986745,1,0.22353351674440153,,0.22353351674440153,0.22353351674440153,1,0.027417648588590485,,0.027417648588590485,0.027417648588590485,1,0.4631346578366446,,0.4631346578366446,0.4631346578366446,1
exp4_pattern_length_sensitivity,pattern_raw_dtw,,,36,quarterly,3,8,1,full,0.18957605640606218,,0.18957605640606218,0.18957605640606218,1,0.018097182869230035,,0.018097182869230035,0.018097182869230035,1,0.4503311258278146,,0.4503311258278146,0.4503311258278146,1,0.19312877518823154,,0.19312877518823154,0.19312877518823154,1,0.025847863280395216,,0.025847863280395216,0.025847863280395216,1,0.45386313465783673,,0.45386313465783673,0.45386313465783673,1
exp4_pattern_length_sensitivity,pattern_raw_dtw,,,36,quarterly,4,2,1,full,0.18447564100461666,,0.18447564100461666,0.18447564100461666,1,0.019086165927160195,,0.019086165927160195,0.019086165927160195,1,0.3695364238410596,,0.3695364238410596,0.3695364238410596,1,0.18350367234726686,,0.18350367234726686,0.18350367234726686,1,0.02574602279496936,,0.02574602279496936,0.02574602279496936,1,0.3602649006622517,,0.3602649006622517,0.3602649006622517,1
exp4_pattern_length_sensitivity,pattern_raw_dtw,,,36,quarterly,4,4,1,full,0.17149281504950678,,0.17149281504950678,0.17149281504950678,1,0.017416011073707466,,0.017416011073707466,0.017416011073707466,1,0.35165562913907283,,0.35165562913907283,0.35165562913907283,1,0.17125672524251817,,0.17125672524251817,0.17125672524251817,1,0.023053206035041754,,0.023053206035041754,0.023053206035041754,1,0.33818984547461367,,0.33818984547461367,0.33818984547461367,1
exp4_pattern_length_sensitivity,pattern_raw_dtw,,,36,quarterly,4,8,1,full,0.16284992550661612,,0.16284992550661612,0.16284992550661612,1,0.017171836079074097,,0.017171836079074097,0.017171836079074097,1,0.3423841059602649,,0.3423841059602649,0.3423841059602649,1,0.16655097504850438,,0.16655097504850438,0.16655097504850438,1,0.02359385611488432,,0.02359385611488432,0.02359385611488432,1,0.3417218543046357,,0.3417218543046357,0.3417218543046357,1
exp4_pattern_length_sensitivity,pattern_tsfel,,,12,quarterly,2,2,1,full,0.3815534672623713,,0.3815534672623713,0.3815534672623713,1,0.024515348871774596,,0.024515348871774596,0.024515348871774596,1,0.719205298013245,,0.719205298013245,0.719205298013245,1,0.3767786516055354,,0.3767786516055354,0.3767786516055354,1,0.03559300232383327,,0.03559300232383327,0.03559300232383327,1,0.7112582781456953,,0.7112582781456953,0.7112582781456953,1
exp4_pattern_length_sensitivity,pattern_tsfel,,,12,quarterly,2,4,1,full,0.38498745226249936,,0.38498745226249936,0.38498745226249936,1,0.025402024582278186,,0.025402024582278186,0.025402024582278186,1,0.7278145695364239,,0.7278145695364239,0.7278145695364239,1,0.37816653756799307,,0.37816653756799307,0.37816653756799307,1,0.03701498298217101,,0.03701498298217101,0.03701498298217101,1,0.7280353200883003,,0.7280353200883003,0.7280353200883003,1
exp4_pattern_length_sensitivity,pattern_tsfel,,,12,quarterly,2,8,1,full,0.38498745226249936,,0.38498745226249936,0.38498745226249936,1,0.025402024582278186,,0.025402024582278186,0.025402024582278186,1,0.7278145695364239,,0.7278145695364239,0.7278145695364239,1,0.37816653756799307,,0.37816653756799307,0.37816653756799307,1,0.03701498298217101,,0.03701498298217101,0.03701498298217101,1,0.7280353200883003,,0.7280353200883003,0.7280353200883003,1
exp4_pattern_length_sensitivity,pattern_tsfel,,,12,quarterly,3,2,1,full,0.27875557237448184,,0.27875557237448184,0.27875557237448184,1,0.025288335988815407,,0.025288335988815407,0.025288335988815407,1,0.5582781456953643,,0.5582781456953643,0.5582781456953643,1,0.27338375258118636,,0.27338375258118636,0.27338375258118636,1,0.03564876538745477,,0.03564876538745477,0.03564876538745477,1,0.5479028697571744,,0.5479028697571744,0.5479028697571744,1
exp4_pattern_length_sensitivity,pattern_tsfel,,,12,quarterly,3,4,1,full,0.27141882278271506,,0.27141882278271506,0.27141882278271506,1,0.027034371813844625,,0.027034371813844625,0.027034371813844625,1,0.5754966887417219,,0.5754966887417219,0.5754966887417219,1,0.27284641549691374,,0.27284641549691374,0.27284641549691374,1,0.037708059047352714,,0.037708059047352714,0.037708059047352714,1,0.5637969094922737,,0.5637969094922737,0.5637969094922737,1
exp4_pattern_length_sensitivity,pattern_tsfel,,,12,quarterly,3,8,1,full,0.27141882278271506,,0.27141882278271506,0.27141882278271506,1,0.027034371813844625,,0.027034371813844625,0.027034371813844625,1,0.5754966887417219,,0.5754966887417219,0.5754966887417219,1,0.27284641549691374,,0.27284641549691374,0.27284641549691374,1,0.037708059047352714,,0.037708059047352714,0.037708059047352714,1,0.5637969094922737,,0.5637969094922737,0.5637969094922737,1
exp4_pattern_length_sensitivity,pattern_tsfel,,,12,quarterly,4,2,1,full,0.2119309968268046,,0.2119309968268046,0.2119309968268046,1,0.02485269952298111,,0.02485269952298111,0.02485269952298111,1,0.43708609271523186,,0.43708609271523186,0.43708609271523186,1,0.21842251120928013,,0.21842251120928013,0.21842251120928013,1,0.034678761686046874,,0.034678761686046874,0.034678761686046874,1,0.4317880794701986,,0.4317880794701986,0.4317880794701986,1
exp4_pattern_length_sensitivity,pattern_tsfel,,,12,quarterly,4,4,1,full,0.2300703330523812,,0.2300703330523812,0.2300703330523812,1,0.02689936075569576,,0.02689936075569576,0.02689936075569576,1,0.46423841059602644,,0.46423841059602644,0.46423841059602644,1,0.2345651092515299,,0.2345651092515299,0.2345651092515299,1,0.037201655183567765,,0.037201655183567765,0.037201655183567765,1,0.4600441501103753,,0.4600441501103753,0.4600441501103753,1
exp4_pattern_length_sensitivity,pattern_tsfel,,,12,quarterly,4,8,1,full,0.2300703330523812,,0.2300703330523812,0.2300703330523812,1,0.02689936075569576,,0.02689936075569576,0.02689936075569576,1,0.46423841059602644,,0.46423841059602644,0.46423841059602644,1,0.2345651092515299,,0.2345651092515299,0.2345651092515299,1,0.037201655183567765,,0.037201655183567765,0.037201655183567765,1,0.4600441501103753,,0.4600441501103753,0.4600441501103753,1
exp4_pattern_length_sensitivity,pattern_tsfel,,,24,quarterly,2,2,1,full,0.3839035268901191,,0.3839035268901191,0.3839035268901191,1,0.025494058297124502,,0.025494058297124502,0.025494058297124502,1,0.7410596026490066,,0.7410596026490066,0.7410596026490066,1,0.3765791341818345,,0.3765791341818345,0.3765791341818345,1,0.03679844616942872,,0.03679844616942872,0.03679844616942872,1,0.7315673289183223,,0.7315673289183223,0.7315673289183223,1
exp4_pattern_length_sensitivity,pattern_tsfel,,,24,quarterly,2,4,1,full,0.34728545801211175,,0.34728545801211175,0.34728545801211175,1,0.025185865057854608,,0.025185865057854608,0.025185865057854608,1,0.7324503311258278,,0.7324503311258278,0.7324503311258278,1,0.34707476494337625,,0.34707476494337625,0.34707476494337625,1,0.03639558771568113,,0.03639558771568113,0.03639558771568113,1,0.7209713024282561,,0.7209713024282561,0.7209713024282561,1
exp4_pattern_length_sensitivity,pattern_tsfel,,,24,quarterly,2,8,1,full,0.3738641810615576,,0.3738641810615576,0.3738641810615576,1,0.025055469266503764,,0.025055469266503764,0.025055469266503764,1,0.7317880794701986,,0.7317880794701986,0.7317880794701986,1,0.371585008025751,,0.371585008025751,0.371585008025751,1,0.03684390331627249,,0.03684390331627249,0.03684390331627249,1,0.7333333333333334,,0.7333333333333334,0.7333333333333334,1
exp4_pattern_length_sensitivity,pattern_tsfel,,,24,quarterly,3,2,1,full,0.27678344640579106,,0.27678344640579106,0.27678344640579106,1,0.0261034632540846,,0.0261034632540846,0.0261034632540846,1,0.5629139072847682,,0.5629139072847682,0.5629139072847682,1,0.2709031402293195,,0.2709031402293195,0.2709031402293195,1,0.035831534747419465,,0.035831534747419465,0.035831534747419465,1,0.5364238410596026,,0.5364238410596026,0.5364238410596026,1
exp4_pattern_length_sensitivity,pattern_tsfel,,,24,quarterly,3,4,1,full,0.26303410380307396,,0.26303410380307396,0.26303410380307396,1,0.026694557486519464,,0.026694557486519464,0.026694557486519464,1,0.5741721854304636,,0.5741721854304636,0.5741721854304636,1,0.26373470673303695,,0.26373470673303695,0.26373470673303695,1,0.03777481255672504,,0.03777481255672504,0.03777481255672504,1,0.5584988962472407,,0.5584988962472407,0.5584988962472407,1
exp4_pattern_length_sensitivity,pattern_tsfel,,,24,quarterly,3,8,1,full,0.2673094784386866,,0.2673094784386866,0.2673094784386866,1,0.026216468864465783,,0.026216468864465783,0.026216468864465783,1,0.5701986754966887,,0.5701986754966887,0.5701986754966887,1,0.2724546947004991,,0.2724546947004991,0.2724546947004991,1,0.038288459347161366,,0.038288459347161366,0.038288459347161366,1,0.5779249448123621,,0.5779249448123621,0.5779249448123621,1
exp4_pattern_length_sensitivity,pattern_tsfel,,,24,quarterly,4,2,1,full,0.21939457429535844,,0.21939457429535844,0.21939457429535844,1,0.025859365021841017,,0.025859365021841017,0.025859365021841017,1,0.45496688741721847,,0.45496688741721847,0.45496688741721847,1,0.2213236479495638,,0.2213236479495638,0.2213236479495638,1,0.03560583103017229,,0.03560583103017229,0.03560583103017229,1,0.44326710816777043,,0.44326710816777043,0.44326710816777043,1
exp4_pattern_length_sensitivity,pattern_tsfel,,,24,quarterly,4,4,1,full,0.19661212708334125,,0.19661212708334125,0.19661212708334125,1,0.025453929202865617,,0.025453929202865617,0.025453929202865617,1,0.4403973509933774,,0.4403973509933774,0.4403973509933774,1,0.20270755131368406,,0.20270755131368406,0.20270755131368406,1,0.0358079324254654,,0.0358079324254654,0.0358079324254654,1,0.4384105960264901,,0.4384105960264901,0.4384105960264901,1
exp4_pattern_length_sensitivity,pattern_tsfel,,,24,quarterly,4,8,1,full,0.21855984426561623,,0.21855984426561623,0.21855984426561623,1,0.02636770612814374,,0.02636770612814374,0.02636770612814374,1,0.4609271523178808,,0.4609271523178808,0.4609271523178808,1,0.22397535679979033,,0.22397535679979033,0.22397535679979033,1,0.03725397823852201,,0.03725397823852201,0.03725397823852201,1,0.4573951434878588,,0.4573951434878588,0.4573951434878588,1
exp4_pattern_length_sensitivity,pattern_tsfel,,,36,quarterly,2,2,1,full,0.40630700713506984,,0.40630700713506984,0.40630700713506984,1,0.026930941363478334,,0.026930941363478334,0.026930941363478334,1,0.7675496688741722,,0.7675496688741722,0.7675496688741722,1,0.4018110559714336,,0.4018110559714336,0.4018110559714336,1,0.039304745087580785,,0.039304745087580785,0.039304745087580785,1,0.7629139072847682,,0.7629139072847682,0.7629139072847682,1
exp4_pattern_length_sensitivity,pattern_tsfel,,,36,quarterly,2,4,1,full,0.38059141420273396,,0.38059141420273396,0.38059141420273396,1,0.0258818779614081,,0.0258818779614081,0.0258818779614081,1,0.7403973509933774,,0.7403973509933774,0.7403973509933774,1,0.3725799701693672,,0.3725799701693672,0.3725799701693672,1,0.03749786530137539,,0.03749786530137539,0.03749786530137539,1,0.7333333333333334,,0.7333333333333334,0.7333333333333334,1
exp4_pattern_length_sensitivity,pattern_tsfel,,,36,quarterly,2,8,1,full,0.3687589906948985,,0.3687589906948985,0.3687589906948985,1,0.02473270092663161,,0.02473270092663161,0.02473270092663161,1,0.7218543046357616,,0.7218543046357616,0.7218543046357616,1,0.362393978245261,,0.362393978245261,0.362393978245261,1,0.03637602846045367,,0.03637602846045367,0.03637602846045367,1,0.7262693156732892,,0.7262693156732892,0.7262693156732892,1
exp4_pattern_length_sensitivity,pattern_tsfel,,,36,quarterly,3,2,1,full,0.27547405667541947,,0.27547405667541947,0.27547405667541947,1,0.027660529198237468,,0.027660529198237468,0.027660529198237468,1,0.5887417218543046,,0.5887417218543046,0.5887417218543046,1,0.2722117865727069,,0.2722117865727069,0.2722117865727069,1,0.03859968427460194,,0.03859968427460194,0.03859968427460194,1,0.5708609271523178,,0.5708609271523178,0.5708609271523178,1
exp4_pattern_length_sensitivity,pattern_tsfel,,,36,quarterly,3,4,1,full,0.2787620485435061,,0.2787620485435061,0.2787620485435061,1,0.028066022949464718,,0.028066022949464718,0.028066022949464718,1,0.5880794701986755,,0.5880794701986755,0.5880794701986755,1,0.27414112769198007,,0.27414112769198007,0.27414112769198007,1,0.03959737918744459,,0.03959737918744459,0.03959737918744459,1,0.5805739514348786,,0.5805739514348786,0.5805739514348786,1
exp4_pattern_length_sensitivity,pattern_tsfel,,,36,quarterly,3,8,1,full,0.2555573370276621,,0.2555573370276621,0.2555573370276621,1,0.024948649770126227,,0.024948649770126227,0.024948649770126227,1,0.5496688741721855,,0.5496688741721855,0.5496688741721855,1,0.2568432995884216,,0.2568432995884216,0.2568432995884216,1,0.036316629504985244,,0.036316629504985244,0.036316629504985244,1,0.5554083885209714,,0.5554083885209714,0.5554083885209714,1
exp4_pattern_length_sensitivity,pattern_tsfel,,,36,quarterly,4,2,1,full,0.2446894481606142,,0.2446894481606142,0.2446894481606142,1,0.028647984369810576,,0.028647984369810576,0.028647984369810576,1,0.4841059602649006,,0.4841059602649006,0.4841059602649006,1,0.2433684274344566,,0.2433684274344566,0.2433684274344566,1,0.04001433009130224,,0.04001433009130224,0.04001433009130224,1,0.47858719646799125,,0.47858719646799125,0.47858719646799125,1
exp4_pattern_length_sensitivity,pattern_tsfel,,,36,quarterly,4,4,1,full,0.22721783653639244,,0.22721783653639244,0.22721783653639244,1,0.028114621338283435,,0.028114621338283435,0.028114621338283435,1,0.47483443708609263,,0.47483443708609263,0.47483443708609263,1,0.23039118557432842,,0.23039118557432842,0.23039118557432842,1,0.038825412399433004,,0.038825412399433004,0.038825412399433004,1,0.46225165562913906,,0.46225165562913906,0.46225165562913906,1
exp4_pattern_length_sensitivity,pattern_tsfel,,,36,quarterly,4,8,1,full,0.21317144183808415,,0.21317144183808415,0.21317144183808415,1,0.02595397585719345,,0.02595397585719345,0.02595397585719345,1,0.45364238410596025,,0.45364238410596025,0.45364238410596025,1,0.2190426193569571,,0.2190426193569571,0.2190426193569571,1,0.03630970604396713,,0.03630970604396713,0.03630970604396713,1,0.45165562913907287,,0.45165562913907287,0.45165562913907287,1
